// GDEmbeddedFont.h
//
// Excelsior Sans, embedded directly as a byte array rather than shipped as
// a loose .ttf resource. This project's build.yml compiles everything into
// a single dylib via one clang invocation with no resource-bundling step,
// and patch-ipa.yml only ever copies that one dylib into the app's
// Frameworks/ folder - it never stages loose resource files into the app
// bundle. A .ttf sitting next to the .m files in the repo would therefore
// never actually reach the device. Embedding the font's bytes as static
// data in the binary itself sidesteps all of that: nothing to bundle,
// nothing to copy, no NSBundle-relative path to resolve at runtime -
// see gd_register_embedded_fonts() in GraphicsDebugOverlay.m, which feeds
// this array straight to CTFontManagerRegisterGraphicsFont.
//
// Source file: ExcelsiorSans.ttf (18192 bytes)
// Registered PostScript name (confirmed via the font's own 'name' table,
// nameID 6): "EXCELSIORSANS". Family: "EXCELSIOR SANS", Regular only -
// there is no separate bold face in this file, so gd_excelsior_sans_font
// synthesizes bold via UIFontDescriptor's symbolic traits when a bold
// weight is requested - see that function.

#import <Foundation/Foundation.h>

static const unsigned char kExcelsiorSansTTF[] = {
    0x00, 0x01, 0x00, 0x00, 0x00, 0x13, 0x01, 0x00, 0x00, 0x04, 0x00, 0x30, 0x47, 0x50, 0x4f, 0x53, 0xde, 0xf2, 0xe4, 0xa5,
    0x00, 0x00, 0x45, 0xb0, 0x00, 0x00, 0x01, 0x60, 0x4c, 0x54, 0x53, 0x48, 0xbf, 0xf2, 0x54, 0x09, 0x00, 0x00, 0x03, 0x70,
    0x00, 0x00, 0x00, 0x5a, 0x4f, 0x53, 0x2f, 0x32, 0x37, 0x91, 0x56, 0xb8, 0x00, 0x00, 0x01, 0xb8, 0x00, 0x00, 0x00, 0x60,
    0x50, 0x43, 0x4c, 0x54, 0xe9, 0xab, 0x27, 0xf4, 0x00, 0x00, 0x45, 0x78, 0x00, 0x00, 0x00, 0x36, 0x56, 0x44, 0x4d, 0x58,
    0x64, 0xc0, 0x6c, 0x62, 0x00, 0x00, 0x03, 0xcc, 0x00, 0x00, 0x05, 0xe0, 0x63, 0x6d, 0x61, 0x70, 0x8d, 0xa1, 0x9e, 0xae,
    0x00, 0x00, 0x11, 0x9c, 0x00, 0x00, 0x01, 0xb6, 0x63, 0x76, 0x74, 0x20, 0x42, 0x21, 0x2a, 0x22, 0x00, 0x00, 0x18, 0x20,
    0x00, 0x00, 0x00, 0x94, 0x66, 0x70, 0x67, 0x6d, 0x23, 0x9c, 0xbf, 0x33, 0x00, 0x00, 0x13, 0x54, 0x00, 0x00, 0x01, 0xff,
    0x67, 0x6c, 0x79, 0x66, 0xb6, 0x77, 0x2c, 0x78, 0x00, 0x00, 0x18, 0xb4, 0x00, 0x00, 0x28, 0xc4, 0x68, 0x64, 0x6d, 0x78,
    0x0b, 0x74, 0x46, 0x4d, 0x00, 0x00, 0x09, 0xac, 0x00, 0x00, 0x07, 0xf0, 0x68, 0x65, 0x61, 0x64, 0xd2, 0x19, 0x55, 0x7f,
    0x00, 0x00, 0x01, 0x3c, 0x00, 0x00, 0x00, 0x36, 0x68, 0x68, 0x65, 0x61, 0x0c, 0xf8, 0x08, 0x1a, 0x00, 0x00, 0x01, 0x74,
    0x00, 0x00, 0x00, 0x24, 0x68, 0x6d, 0x74, 0x78, 0xf8, 0x5a, 0x16, 0x86, 0x00, 0x00, 0x02, 0x18, 0x00, 0x00, 0x01, 0x58,
    0x6b, 0x65, 0x72, 0x6e, 0x03, 0x7f, 0x02, 0xc0, 0x00, 0x00, 0x42, 0x28, 0x00, 0x00, 0x01, 0x44, 0x6c, 0x6f, 0x63, 0x61,
    0xc9, 0x0b, 0xbe, 0xbe, 0x00, 0x00, 0x41, 0x78, 0x00, 0x00, 0x00, 0xae, 0x6d, 0x61, 0x78, 0x70, 0x02, 0xdb, 0x03, 0x37,
    0x00, 0x00, 0x01, 0x98, 0x00, 0x00, 0x00, 0x20, 0x6e, 0x61, 0x6d, 0x65, 0x71, 0x82, 0x52, 0x78, 0x00, 0x00, 0x43, 0x6c,
    0x00, 0x00, 0x01, 0xe9, 0x70, 0x6f, 0x73, 0x74, 0xff, 0x63, 0x00, 0x7b, 0x00, 0x00, 0x45, 0x58, 0x00, 0x00, 0x00, 0x20,
    0x70, 0x72, 0x65, 0x70, 0x5b, 0x13, 0xbe, 0x67, 0x00, 0x00, 0x15, 0x54, 0x00, 0x00, 0x02, 0xc9, 0x00, 0x01, 0x00, 0x00,
    0x00, 0x01, 0x00, 0x00, 0xc3, 0x4e, 0x1c, 0xa6, 0x5f, 0x0f, 0x3c, 0xf5, 0x00, 0x10, 0x08, 0x00, 0x00, 0x00, 0x00, 0x00,
    0xa6, 0xe7, 0xa5, 0x34, 0x00, 0x00, 0x00, 0x00, 0xc6, 0xc6, 0x66, 0xaa, 0xff, 0x85, 0xfe, 0xe3, 0x05, 0xc3, 0x05, 0xc3,
    0x00, 0x00, 0x00, 0x06, 0x00, 0x01, 0x00, 0x00, 0x00, 0x00, 0x00, 0x00, 0x00, 0x01, 0x00, 0x00, 0x06, 0x14, 0x01, 0xec,
    0x01, 0x9a, 0x06, 0x0a, 0xff, 0x85, 0xff, 0xcd, 0x05, 0xc3, 0x00, 0x01, 0x00, 0x00, 0x00, 0x00, 0x00, 0x00, 0x00, 0x00,
    0x00, 0x00, 0x00, 0x00, 0x00, 0x00, 0x00, 0x56, 0x00, 0x01, 0x00, 0x00, 0x00, 0x56, 0x00, 0x2c, 0x00, 0x05, 0x00, 0x00,
    0x00, 0x00, 0x00, 0x02, 0x00, 0x10, 0x00, 0x40, 0x00, 0x11, 0x00, 0x00, 0x02, 0x5e, 0x02, 0xc9, 0x00, 0x00, 0x00, 0x00,
    0x00, 0x03, 0x02, 0xa2, 0x01, 0x90, 0x00, 0x03, 0x00, 0x04, 0x00, 0x00, 0x00, 0x00, 0x00, 0x00, 0x00, 0x00, 0x00, 0x00,
    0x00, 0x00, 0x00, 0x00, 0x00, 0x00, 0x00, 0x7b, 0x02, 0x66, 0x00, 0x00, 0x02, 0x0c, 0x07, 0x08, 0x03, 0x07, 0x08, 0x06,
    0x05, 0x07, 0x00, 0x00, 0x00, 0x01, 0x08, 0x00, 0x00, 0x00, 0x14, 0x00, 0x00, 0x00, 0x00, 0x00, 0x00, 0x00, 0x20, 0x20,
    0x20, 0x20, 0x00, 0x40, 0x00, 0x20, 0x00, 0x7a, 0x06, 0x14, 0x01, 0xec, 0x01, 0x9a, 0x05, 0xc3, 0x01, 0x6a, 0x00, 0x00,
    0x00, 0x01, 0x00, 0x00, 0x00, 0x00, 0xff, 0xff, 0xff, 0xff, 0x00, 0x00, 0x00, 0x20, 0x00, 0x02, 0x02, 0x00, 0x00, 0x00,
    0x01, 0xb8, 0x00, 0x68, 0x02, 0xa6, 0x00, 0x50, 0x05, 0xe3, 0x00, 0x27, 0x03, 0x27, 0x00, 0x54, 0x06, 0x0a, 0x00, 0x48,
    0x03, 0x29, 0x00, 0x56, 0x01, 0x60, 0x00, 0x5a, 0x02, 0x3d, 0x00, 0x6a, 0x02, 0x3d, 0x00, 0x3d, 0x02, 0x68, 0x00, 0x3d,
    0x04, 0x73, 0x00, 0x5e, 0x01, 0x93, 0x00, 0x56, 0x02, 0x54, 0x00, 0x5e, 0x01, 0x93, 0x00, 0x56, 0x02, 0x48, 0xff, 0xd1,
    0x03, 0x27, 0x00, 0x54, 0x02, 0x1d, 0x00, 0x2f, 0x03, 0x29, 0x00, 0x56, 0x03, 0x29, 0x00, 0x56, 0x03, 0x2b, 0x00, 0x56,
    0x03, 0x27, 0x00, 0x54, 0x03, 0x27, 0x00, 0x54, 0x02, 0xb8, 0x00, 0x19, 0x03, 0x29, 0x00, 0x56, 0x03, 0x27, 0x00, 0x54,
    0x01, 0xa6, 0x00, 0x5e, 0x01, 0xa6, 0x00, 0x5d, 0x04, 0x73, 0x00, 0x5e, 0x03, 0x0a, 0x00, 0x46, 0x03, 0x2b, 0x00, 0x56,
    0x03, 0x29, 0x00, 0x56, 0x03, 0x27, 0x00, 0x54, 0x03, 0x29, 0x00, 0x56, 0x02, 0xc3, 0x00, 0x56, 0x02, 0xaa, 0x00, 0x56,
    0x03, 0x29, 0x00, 0x54, 0x03, 0x2b, 0x00, 0x56, 0x01, 0x96, 0x00, 0x56, 0x02, 0xfa, 0x00, 0x23, 0x03, 0x33, 0x00, 0x56,
    0x02, 0x8d, 0x00, 0x56, 0x04, 0xba, 0x00, 0x56, 0x03, 0x2b, 0x00, 0x58, 0x03, 0x27, 0x00, 0x54, 0x03, 0x14, 0x00, 0x56,
    0x03, 0x27, 0x00, 0x54, 0x03, 0x27, 0x00, 0x56, 0x03, 0x27, 0x00, 0x54, 0x02, 0xd1, 0x00, 0x0e, 0x03, 0x2b, 0x00, 0x56,
    0x02, 0xe7, 0xff, 0xf2, 0x04, 0xba, 0x00, 0x56, 0x02, 0xd1, 0x00, 0x04, 0x03, 0x27, 0x00, 0x54, 0x02, 0xc7, 0x00, 0x33,
    0x02, 0x3d, 0x00, 0x6a, 0x02, 0x48, 0x00, 0x00, 0x02, 0x3d, 0x00, 0x3d, 0x03, 0x00, 0x00, 0x4c, 0x03, 0x00, 0x00, 0x4c,
    0x02, 0xee, 0x00, 0x4c, 0x03, 0x00, 0x00, 0x4c, 0x03, 0x00, 0x00, 0x4c, 0x02, 0x77, 0x00, 0x56, 0x03, 0x00, 0x00, 0x4c,
    0x03, 0x00, 0x00, 0x4c, 0x01, 0x7b, 0x00, 0x4c, 0x01, 0x85, 0xff, 0x85, 0x02, 0xd9, 0x00, 0x4c, 0x01, 0x7b, 0x00, 0x4c,
    0x04, 0x68, 0x00, 0x4c, 0x03, 0x00, 0x00, 0x4c, 0x03, 0x00, 0x00, 0x4c, 0x03, 0x00, 0x00, 0x4c, 0x03, 0x00, 0x00, 0x4c,
    0x02, 0x89, 0x00, 0x4c, 0x03, 0x00, 0x00, 0x4c, 0x02, 0x39, 0x00, 0x08, 0x03, 0x00, 0x00, 0x4c, 0x02, 0x89, 0xff, 0xf2,
    0x04, 0x68, 0x00, 0x4c, 0x02, 0xb0, 0xff, 0xf6, 0x03, 0x00, 0x00, 0x4c, 0x02, 0x77, 0x00, 0x2f, 0x02, 0x00, 0x00, 0x00,
    0x00, 0x00, 0x00, 0x56, 0x01, 0x3b, 0x4b, 0x4b, 0x01, 0x4b, 0x44, 0x01, 0x4b, 0x4b, 0x4b, 0x01, 0x4b, 0x4b, 0x4b, 0x4b,
    0x4b, 0x4b, 0x4b, 0x01, 0x4c, 0x44, 0x44, 0x4b, 0x4b, 0x44, 0x4b, 0x21, 0x4b, 0x4b, 0x1c, 0x4c, 0x4b, 0x4b, 0x01, 0x01,
    0x4c, 0x4c, 0x4b, 0x4b, 0x4b, 0x4b, 0x4b, 0x4b, 0x4b, 0x3b, 0x4b, 0x44, 0x44, 0x4b, 0x4b, 0x4b, 0x4b, 0x4b, 0x44, 0x4b,
    0x4b, 0x4b, 0x4b, 0x44, 0x4b, 0x4b, 0x4b, 0x44, 0x33, 0x44, 0x4b, 0x44, 0x44, 0x4b, 0x4b, 0x4b, 0x4b, 0x4b, 0x4b, 0x4b,
    0x4b, 0x44, 0x01, 0x4b, 0x4b, 0x4b, 0x4b, 0x44, 0x4b, 0x01, 0x00, 0x00, 0x00, 0x00, 0x00, 0x01, 0x00, 0x01, 0x01, 0x01,
    0x01, 0x01, 0x00, 0x0c, 0x00, 0xf8, 0x08, 0xff, 0x00, 0x08, 0x00, 0x06, 0xff, 0xfe, 0x00, 0x09, 0x00, 0x07, 0xff, 0xfe,
    0x00, 0x0a, 0x00, 0x08, 0xff, 0xfe, 0x00, 0x0b, 0x00, 0x08, 0xff, 0xfe, 0x00, 0x0c, 0x00, 0x09, 0xff, 0xfd, 0x00, 0x0d,
    0x00, 0x0a, 0xff, 0xfd, 0x00, 0x0e, 0x00, 0x0b, 0xff, 0xfd, 0x00, 0x0f, 0x00, 0x0b, 0xff, 0xfd, 0x00, 0x10, 0x00, 0x0c,
    0xff, 0xfd, 0x00, 0x11, 0x00, 0x0d, 0xff, 0xfc, 0x00, 0x12, 0x00, 0x0d, 0xff, 0xfc, 0x00, 0x13, 0x00, 0x0e, 0xff, 0xfc,
    0x00, 0x14, 0x00, 0x0f, 0xff, 0xfc, 0x00, 0x15, 0x00, 0x10, 0xff, 0xfc, 0x00, 0x16, 0x00, 0x10, 0xff, 0xfc, 0x00, 0x17,
    0x00, 0x11, 0xff, 0xfb, 0x00, 0x18, 0x00, 0x12, 0xff, 0xfb, 0x00, 0x19, 0x00, 0x13, 0xff, 0xfb, 0x00, 0x1a, 0x00, 0x13,
    0xff, 0xfb, 0x00, 0x1b, 0x00, 0x14, 0xff, 0xfb, 0x00, 0x1c, 0x00, 0x15, 0xff, 0xfb, 0x00, 0x1d, 0x00, 0x15, 0xff, 0xfa,
    0x00, 0x1e, 0x00, 0x16, 0xff, 0xfa, 0x00, 0x1f, 0x00, 0x17, 0xff, 0xfa, 0x00, 0x20, 0x00, 0x18, 0xff, 0xfa, 0x00, 0x21,
    0x00, 0x18, 0xff, 0xfa, 0x00, 0x22, 0x00, 0x19, 0xff, 0xf9, 0x00, 0x23, 0x00, 0x1a, 0xff, 0xf9, 0x00, 0x24, 0x00, 0x1a,
    0xff, 0xf9, 0x00, 0x25, 0x00, 0x1b, 0xff, 0xf9, 0x00, 0x26, 0x00, 0x1c, 0xff, 0xf9, 0x00, 0x27, 0x00, 0x1d, 0xff, 0xf9,
    0x00, 0x28, 0x00, 0x1d, 0xff, 0xf8, 0x00, 0x29, 0x00, 0x1e, 0xff, 0xf8, 0x00, 0x2a, 0x00, 0x1f, 0xff, 0xf8, 0x00, 0x2b,
    0x00, 0x1f, 0xff, 0xf8, 0x00, 0x2c, 0x00, 0x20, 0xff, 0xf8, 0x00, 0x2d, 0x00, 0x21, 0xff, 0xf8, 0x00, 0x2e, 0x00, 0x22,
    0xff, 0xf7, 0x00, 0x2f, 0x00, 0x22, 0xff, 0xf7, 0x00, 0x30, 0x00, 0x23, 0xff, 0xf7, 0x00, 0x31, 0x00, 0x24, 0xff, 0xf7,
    0x00, 0x32, 0x00, 0x25, 0xff, 0xf7, 0x00, 0x33, 0x00, 0x25, 0xff, 0xf6, 0x00, 0x34, 0x00, 0x26, 0xff, 0xf6, 0x00, 0x35,
    0x00, 0x27, 0xff, 0xf6, 0x00, 0x36, 0x00, 0x27, 0xff, 0xf6, 0x00, 0x37, 0x00, 0x28, 0xff, 0xf6, 0x00, 0x38, 0x00, 0x29,
    0xff, 0xf6, 0x00, 0x39, 0x00, 0x2a, 0xff, 0xf5, 0x00, 0x3a, 0x00, 0x2a, 0xff, 0xf5, 0x00, 0x3b, 0x00, 0x2b, 0xff, 0xf5,
    0x00, 0x3c, 0x00, 0x2c, 0xff, 0xf5, 0x00, 0x3d, 0x00, 0x2c, 0xff, 0xf5, 0x00, 0x3e, 0x00, 0x2d, 0xff, 0xf5, 0x00, 0x3f,
    0x00, 0x2e, 0xff, 0xf4, 0x00, 0x40, 0x00, 0x2f, 0xff, 0xf4, 0x00, 0x41, 0x00, 0x2f, 0xff, 0xf4, 0x00, 0x42, 0x00, 0x30,
    0xff, 0xf4, 0x00, 0x43, 0x00, 0x31, 0xff, 0xf4, 0x00, 0x44, 0x00, 0x31, 0xff, 0xf3, 0x00, 0x45, 0x00, 0x32, 0xff, 0xf3,
    0x00, 0x46, 0x00, 0x33, 0xff, 0xf3, 0x00, 0x47, 0x00, 0x34, 0xff, 0xf3, 0x00, 0x48, 0x00, 0x34, 0xff, 0xf3, 0x00, 0x49,
    0x00, 0x35, 0xff, 0xf3, 0x00, 0x4a, 0x00, 0x36, 0xff, 0xf2, 0x00, 0x4b, 0x00, 0x37, 0xff, 0xf2, 0x00, 0x4c, 0x00, 0x37,
    0xff, 0xf2, 0x00, 0x4d, 0x00, 0x38, 0xff, 0xf2, 0x00, 0x4e, 0x00, 0x39, 0xff, 0xf2, 0x00, 0x4f, 0x00, 0x39, 0xff, 0xf2,
    0x00, 0x50, 0x00, 0x3a, 0xff, 0xf1, 0x00, 0x51, 0x00, 0x3b, 0xff, 0xf1, 0x00, 0x52, 0x00, 0x3c, 0xff, 0xf1, 0x00, 0x53,
    0x00, 0x3c, 0xff, 0xf1, 0x00, 0x54, 0x00, 0x3d, 0xff, 0xf1, 0x00, 0x55, 0x00, 0x3e, 0xff, 0xf0, 0x00, 0x56, 0x00, 0x3e,
    0xff, 0xf0, 0x00, 0x57, 0x00, 0x3f, 0xff, 0xf0, 0x00, 0x58, 0x00, 0x40, 0xff, 0xf0, 0x00, 0x59, 0x00, 0x41, 0xff, 0xf0,
    0x00, 0x5a, 0x00, 0x41, 0xff, 0xf0, 0x00, 0x5b, 0x00, 0x42, 0xff, 0xef, 0x00, 0x5c, 0x00, 0x43, 0xff, 0xef, 0x00, 0x5d,
    0x00, 0x43, 0xff, 0xef, 0x00, 0x5e, 0x00, 0x44, 0xff, 0xef, 0x00, 0x5f, 0x00, 0x45, 0xff, 0xef, 0x00, 0x60, 0x00, 0x46,
    0xff, 0xef, 0x00, 0x61, 0x00, 0x46, 0xff, 0xee, 0x00, 0x62, 0x00, 0x47, 0xff, 0xee, 0x00, 0x63, 0x00, 0x48, 0xff, 0xee,
    0x00, 0x64, 0x00, 0x49, 0xff, 0xee, 0x00, 0x65, 0x00, 0x49, 0xff, 0xee, 0x00, 0x66, 0x00, 0x4a, 0xff, 0xed, 0x00, 0x67,
    0x00, 0x4b, 0xff, 0xed, 0x00, 0x68, 0x00, 0x4b, 0xff, 0xed, 0x00, 0x69, 0x00, 0x4c, 0xff, 0xed, 0x00, 0x6a, 0x00, 0x4d,
    0xff, 0xed, 0x00, 0x6b, 0x00, 0x4e, 0xff, 0xed, 0x00, 0x6c, 0x00, 0x4e, 0xff, 0xec, 0x00, 0x6d, 0x00, 0x4f, 0xff, 0xec,
    0x00, 0x6e, 0x00, 0x50, 0xff, 0xec, 0x00, 0x6f, 0x00, 0x50, 0xff, 0xec, 0x00, 0x70, 0x00, 0x51, 0xff, 0xec, 0x00, 0x71,
    0x00, 0x52, 0xff, 0xec, 0x00, 0x72, 0x00, 0x53, 0xff, 0xeb, 0x00, 0x73, 0x00, 0x53, 0xff, 0xeb, 0x00, 0x74, 0x00, 0x54,
    0xff, 0xeb, 0x00, 0x75, 0x00, 0x55, 0xff, 0xeb, 0x00, 0x76, 0x00, 0x55, 0xff, 0xeb, 0x00, 0x77, 0x00, 0x56, 0xff, 0xea,
    0x00, 0x78, 0x00, 0x57, 0xff, 0xea, 0x00, 0x79, 0x00, 0x58, 0xff, 0xea, 0x00, 0x7a, 0x00, 0x58, 0xff, 0xea, 0x00, 0x7b,
    0x00, 0x59, 0xff, 0xea, 0x00, 0x7c, 0x00, 0x5a, 0xff, 0xea, 0x00, 0x7d, 0x00, 0x5b, 0xff, 0xe9, 0x00, 0x7e, 0x00, 0x5b,
    0xff, 0xe9, 0x00, 0x7f, 0x00, 0x5c, 0xff, 0xe9, 0x00, 0x80, 0x00, 0x5d, 0xff, 0xe9, 0x00, 0x81, 0x00, 0x5d, 0xff, 0xe9,
    0x00, 0x82, 0x00, 0x5e, 0xff, 0xe9, 0x00, 0x83, 0x00, 0x5f, 0xff, 0xe8, 0x00, 0x84, 0x00, 0x60, 0xff, 0xe8, 0x00, 0x85,
    0x00, 0x60, 0xff, 0xe8, 0x00, 0x86, 0x00, 0x61, 0xff, 0xe8, 0x00, 0x87, 0x00, 0x62, 0xff, 0xe8, 0x00, 0x88, 0x00, 0x62,
    0xff, 0xe7, 0x00, 0x89, 0x00, 0x63, 0xff, 0xe7, 0x00, 0x8a, 0x00, 0x64, 0xff, 0xe7, 0x00, 0x8b, 0x00, 0x65, 0xff, 0xe7,
    0x00, 0x8c, 0x00, 0x65, 0xff, 0xe7, 0x00, 0x8d, 0x00, 0x66, 0xff, 0xe7, 0x00, 0x8e, 0x00, 0x67, 0xff, 0xe6, 0x00, 0x8f,
    0x00, 0x67, 0xff, 0xe6, 0x00, 0x90, 0x00, 0x68, 0xff, 0xe6, 0x00, 0x91, 0x00, 0x69, 0xff, 0xe6, 0x00, 0x92, 0x00, 0x6a,
    0xff, 0xe6, 0x00, 0x93, 0x00, 0x6a, 0xff, 0xe6, 0x00, 0x94, 0x00, 0x6b, 0xff, 0xe5, 0x00, 0x95, 0x00, 0x6c, 0xff, 0xe5,
    0x00, 0x96, 0x00, 0x6d, 0xff, 0xe5, 0x00, 0x97, 0x00, 0x6d, 0xff, 0xe5, 0x00, 0x98, 0x00, 0x6e, 0xff, 0xe5, 0x00, 0x99,
    0x00, 0x6f, 0xff, 0xe4, 0x00, 0x9a, 0x00, 0x6f, 0xff, 0xe4, 0x00, 0x9b, 0x00, 0x70, 0xff, 0xe4, 0x00, 0x9c, 0x00, 0x71,
    0xff, 0xe4, 0x00, 0x9d, 0x00, 0x72, 0xff, 0xe4, 0x00, 0x9e, 0x00, 0x72, 0xff, 0xe4, 0x00, 0x9f, 0x00, 0x73, 0xff, 0xe3,
    0x00, 0xa0, 0x00, 0x74, 0xff, 0xe3, 0x00, 0xa1, 0x00, 0x74, 0xff, 0xe3, 0x00, 0xa2, 0x00, 0x75, 0xff, 0xe3, 0x00, 0xa3,
    0x00, 0x76, 0xff, 0xe3, 0x00, 0xa4, 0x00, 0x77, 0xff, 0xe3, 0x00, 0xa5, 0x00, 0x77, 0xff, 0xe2, 0x00, 0xa6, 0x00, 0x78,
    0xff, 0xe2, 0x00, 0xa7, 0x00, 0x79, 0xff, 0xe2, 0x00, 0xa8, 0x00, 0x79, 0xff, 0xe2, 0x00, 0xa9, 0x00, 0x7a, 0xff, 0xe2,
    0x00, 0xaa, 0x00, 0x7b, 0xff, 0xe1, 0x00, 0xab, 0x00, 0x7c, 0xff, 0xe1, 0x00, 0xac, 0x00, 0x7c, 0xff, 0xe1, 0x00, 0xad,
    0x00, 0x7d, 0xff, 0xe1, 0x00, 0xae, 0x00, 0x7e, 0xff, 0xe1, 0x00, 0xaf, 0x00, 0x7f, 0xff, 0xe1, 0x00, 0xb0, 0x00, 0x7f,
    0xff, 0xe0, 0x00, 0xb1, 0x00, 0x80, 0xff, 0xe0, 0x00, 0xb2, 0x00, 0x81, 0xff, 0xe0, 0x00, 0xb3, 0x00, 0x81, 0xff, 0xe0,
    0x00, 0xb4, 0x00, 0x82, 0xff, 0xe0, 0x00, 0xb5, 0x00, 0x83, 0xff, 0xe0, 0x00, 0xb6, 0x00, 0x84, 0xff, 0xdf, 0x00, 0xb7,
    0x00, 0x84, 0xff, 0xdf, 0x00, 0xb8, 0x00, 0x85, 0xff, 0xdf, 0x00, 0xb9, 0x00, 0x86, 0xff, 0xdf, 0x00, 0xba, 0x00, 0x86,
    0xff, 0xdf, 0x00, 0xbb, 0x00, 0x87, 0xff, 0xde, 0x00, 0xbc, 0x00, 0x88, 0xff, 0xde, 0x00, 0xbd, 0x00, 0x89, 0xff, 0xde,
    0x00, 0xbe, 0x00, 0x89, 0xff, 0xde, 0x00, 0xbf, 0x00, 0x8a, 0xff, 0xde, 0x00, 0xc0, 0x00, 0x8b, 0xff, 0xde, 0x00, 0xc1,
    0x00, 0x8c, 0xff, 0xdd, 0x00, 0xc2, 0x00, 0x8c, 0xff, 0xdd, 0x00, 0xc3, 0x00, 0x8d, 0xff, 0xdd, 0x00, 0xc4, 0x00, 0x8e,
    0xff, 0xdd, 0x00, 0xc5, 0x00, 0x8e, 0xff, 0xdd, 0x00, 0xc6, 0x00, 0x8f, 0xff, 0xdd, 0x00, 0xc7, 0x00, 0x90, 0xff, 0xdc,
    0x00, 0xc8, 0x00, 0x91, 0xff, 0xdc, 0x00, 0xc9, 0x00, 0x91, 0xff, 0xdc, 0x00, 0xca, 0x00, 0x92, 0xff, 0xdc, 0x00, 0xcb,
    0x00, 0x93, 0xff, 0xdc, 0x00, 0xcc, 0x00, 0x93, 0xff, 0xdb, 0x00, 0xcd, 0x00, 0x94, 0xff, 0xdb, 0x00, 0xce, 0x00, 0x95,
    0xff, 0xdb, 0x00, 0xcf, 0x00, 0x96, 0xff, 0xdb, 0x00, 0xd0, 0x00, 0x96, 0xff, 0xdb, 0x00, 0xd1, 0x00, 0x97, 0xff, 0xdb,
    0x00, 0xd2, 0x00, 0x98, 0xff, 0xda, 0x00, 0xd3, 0x00, 0x98, 0xff, 0xda, 0x00, 0xd4, 0x00, 0x99, 0xff, 0xda, 0x00, 0xd5,
    0x00, 0x9a, 0xff, 0xda, 0x00, 0xd6, 0x00, 0x9b, 0xff, 0xda, 0x00, 0xd7, 0x00, 0x9b, 0xff, 0xd9, 0x00, 0xd8, 0x00, 0x9c,
    0xff, 0xd9, 0x00, 0xd9, 0x00, 0x9d, 0xff, 0xd9, 0x00, 0xda, 0x00, 0x9e, 0xff, 0xd9, 0x00, 0xdb, 0x00, 0x9e, 0xff, 0xd9,
    0x00, 0xdc, 0x00, 0x9f, 0xff, 0xd9, 0x00, 0xdd, 0x00, 0xa0, 0xff, 0xd8, 0x00, 0xde, 0x00, 0xa0, 0xff, 0xd8, 0x00, 0xdf,
    0x00, 0xa1, 0xff, 0xd8, 0x00, 0xe0, 0x00, 0xa2, 0xff, 0xd8, 0x00, 0xe1, 0x00, 0xa3, 0xff, 0xd8, 0x00, 0xe2, 0x00, 0xa3,
    0xff, 0xd8, 0x00, 0xe3, 0x00, 0xa4, 0xff, 0xd7, 0x00, 0xe4, 0x00, 0xa5, 0xff, 0xd7, 0x00, 0xe5, 0x00, 0xa5, 0xff, 0xd7,
    0x00, 0xe6, 0x00, 0xa6, 0xff, 0xd7, 0x00, 0xe7, 0x00, 0xa7, 0xff, 0xd7, 0x00, 0xe8, 0x00, 0xa8, 0xff, 0xd6, 0x00, 0xe9,
    0x00, 0xa8, 0xff, 0xd6, 0x00, 0xea, 0x00, 0xa9, 0xff, 0xd6, 0x00, 0xeb, 0x00, 0xaa, 0xff, 0xd6, 0x00, 0xec, 0x00, 0xaa,
    0xff, 0xd6, 0x00, 0xed, 0x00, 0xab, 0xff, 0xd6, 0x00, 0xee, 0x00, 0xac, 0xff, 0xd5, 0x00, 0xef, 0x00, 0xad, 0xff, 0xd5,
    0x00, 0xf0, 0x00, 0xad, 0xff, 0xd5, 0x00, 0xf1, 0x00, 0xae, 0xff, 0xd5, 0x00, 0xf2, 0x00, 0xaf, 0xff, 0xd5, 0x00, 0xf3,
    0x00, 0xb0, 0xff, 0xd5, 0x00, 0xf4, 0x00, 0xb0, 0xff, 0xd4, 0x00, 0xf5, 0x00, 0xb1, 0xff, 0xd4, 0x00, 0xf6, 0x00, 0xb2,
    0xff, 0xd4, 0x00, 0xf7, 0x00, 0xb2, 0xff, 0xd4, 0x00, 0xf8, 0x00, 0xb3, 0xff, 0xd4, 0x00, 0xf9, 0x00, 0xb4, 0xff, 0xd3,
    0x00, 0xfa, 0x00, 0xb5, 0xff, 0xd3, 0x00, 0xfb, 0x00, 0xb5, 0xff, 0xd3, 0x00, 0xfc, 0x00, 0xb6, 0xff, 0xd3, 0x00, 0xfd,
    0x00, 0xb7, 0xff, 0xd3, 0x00, 0xfe, 0x00, 0xb7, 0xff, 0xd3, 0x00, 0xff, 0x00, 0xb8, 0xff, 0xd2, 0x00, 0x00, 0x00, 0x17,
    0x00, 0x00, 0x00, 0x58, 0x09, 0x07, 0x02, 0x02, 0x03, 0x07, 0x04, 0x07, 0x05, 0x02, 0x03, 0x03, 0x03, 0x05, 0x02, 0x03,
    0x02, 0x03, 0x04, 0x02, 0x04, 0x04, 0x04, 0x04, 0x04, 0x03, 0x04, 0x04, 0x02, 0x02, 0x05, 0x03, 0x04, 0x04, 0x04, 0x04,
    0x03, 0x03, 0x04, 0x04, 0x02, 0x03, 0x04, 0x03, 0x05, 0x04, 0x04, 0x04, 0x04, 0x04, 0x04, 0x03, 0x04, 0x03, 0x05, 0x03,
    0x04, 0x03, 0x03, 0x03, 0x03, 0x04, 0x03, 0x03, 0x03, 0x04, 0x02, 0x04, 0x03, 0x02, 0x02, 0x03, 0x02, 0x05, 0x03, 0x03,
    0x03, 0x03, 0x03, 0x04, 0x03, 0x03, 0x03, 0x05, 0x03, 0x04, 0x03, 0x02, 0x0a, 0x08, 0x03, 0x03, 0x03, 0x07, 0x04, 0x08,
    0x05, 0x02, 0x03, 0x03, 0x03, 0x06, 0x02, 0x03, 0x02, 0x03, 0x04, 0x03, 0x04, 0x04, 0x04, 0x04, 0x04, 0x03, 0x04, 0x04,
    0x02, 0x03, 0x06, 0x04, 0x04, 0x04, 0x04, 0x04, 0x03, 0x03, 0x05, 0x04, 0x02, 0x04, 0x04, 0x03, 0x06, 0x04, 0x04, 0x04,
    0x04, 0x04, 0x04, 0x04, 0x04, 0x04, 0x06, 0x04, 0x04, 0x03, 0x03, 0x03, 0x03, 0x04, 0x04, 0x04, 0x04, 0x04, 0x02, 0x04,
    0x04, 0x02, 0x02, 0x04, 0x02, 0x06, 0x04, 0x04, 0x04, 0x04, 0x03, 0x04, 0x03, 0x04, 0x03, 0x06, 0x03, 0x04, 0x03, 0x03,
    0x0b, 0x08, 0x03, 0x03, 0x04, 0x08, 0x04, 0x08, 0x05, 0x02, 0x03, 0x03, 0x03, 0x06, 0x02, 0x03, 0x02, 0x03, 0x04, 0x03,
    0x04, 0x04, 0x05, 0x05, 0x05, 0x04, 0x04, 0x05, 0x02, 0x03, 0x06, 0x04, 0x05, 0x05, 0x04, 0x04, 0x04, 0x04, 0x05, 0x05,
    0x02, 0x04, 0x04, 0x04, 0x07, 0x04, 0x04, 0x05, 0x04, 0x05, 0x05, 0x04, 0x04, 0x04, 0x07, 0x04, 0x05, 0x04, 0x03, 0x03,
    0x03, 0x05, 0x04, 0x04, 0x04, 0x05, 0x02, 0x05, 0x04, 0x03, 0x03, 0x04, 0x02, 0x06, 0x04, 0x04, 0x04, 0x04, 0x03, 0x05,
    0x03, 0x04, 0x03, 0x06, 0x04, 0x05, 0x03, 0x03, 0x0c, 0x09, 0x03, 0x03, 0x04, 0x09, 0x05, 0x09, 0x06, 0x02, 0x03, 0x03,
    0x04, 0x07, 0x02, 0x04, 0x02, 0x03, 0x05, 0x03, 0x05, 0x05, 0x05, 0x05, 0x05, 0x04, 0x05, 0x05, 0x02, 0x03, 0x07, 0x05,
    0x05, 0x05, 0x05, 0x05, 0x04, 0x04, 0x05, 0x05, 0x02, 0x04, 0x05, 0x04, 0x07, 0x05, 0x05, 0x05, 0x05, 0x05, 0x05, 0x04,
    0x05, 0x04, 0x07, 0x04, 0x05, 0x04, 0x03, 0x03, 0x03, 0x05, 0x05, 0x04, 0x05, 0x05, 0x03, 0x05, 0x05, 0x03, 0x03, 0x04,
    0x02, 0x07, 0x05, 0x05, 0x05, 0x05, 0x04, 0x05, 0x03, 0x05, 0x04, 0x07, 0x04, 0x05, 0x04, 0x03, 0x0d, 0x0a, 0x03, 0x03,
    0x04, 0x0a, 0x05, 0x0a, 0x06, 0x02, 0x04, 0x04, 0x04, 0x07, 0x03, 0x04, 0x03, 0x04, 0x05, 0x03, 0x05, 0x05, 0x05, 0x06,
    0x06, 0x04, 0x05, 0x06, 0x03, 0x03, 0x07, 0x05, 0x05, 0x05, 0x05, 0x05, 0x04, 0x04, 0x06, 0x05, 0x03, 0x05, 0x05, 0x04,
    0x08, 0x05, 0x05, 0x05, 0x05, 0x05, 0x06, 0x05, 0x05, 0x05, 0x08, 0x05, 0x06, 0x05, 0x04, 0x04, 0x04, 0x05, 0x05, 0x05,
    0x05, 0x05, 0x03, 0x05, 0x05, 0x03, 0x03, 0x05, 0x02, 0x07, 0x05, 0x05, 0x05, 0x05, 0x04, 0x05, 0x04, 0x05, 0x04, 0x07,
    0x04, 0x05, 0x04, 0x03, 0x0f, 0x0b, 0x04, 0x04, 0x05, 0x0b, 0x06, 0x0b, 0x07, 0x03, 0x04, 0x04, 0x05, 0x08, 0x03, 0x04,
    0x03, 0x04, 0x06, 0x04, 0x06, 0x06, 0x07, 0x07, 0x07, 0x05, 0x06, 0x07, 0x03, 0x04, 0x08, 0x06, 0x07, 0x07, 0x06, 0x06,
    0x05, 0x05, 0x06, 0x07, 0x03, 0x06, 0x06, 0x05, 0x09, 0x06, 0x06, 0x07, 0x06, 0x07, 0x07, 0x05, 0x06, 0x05, 0x09, 0x05,
    0x07, 0x05, 0x04, 0x04, 0x04, 0x06, 0x06, 0x06, 0x06, 0x06, 0x04, 0x06, 0x06, 0x03, 0x03, 0x05, 0x03, 0x08, 0x06, 0x06,
    0x06, 0x06, 0x05, 0x06, 0x04, 0x06, 0x05, 0x08, 0x05, 0x06, 0x05, 0x04, 0x10, 0x0c, 0x04, 0x04, 0x05, 0x0c, 0x06, 0x0c,
    0x07, 0x03, 0x04, 0x04, 0x05, 0x09, 0x03, 0x05, 0x03, 0x05, 0x06, 0x04, 0x06, 0x06, 0x07, 0x07, 0x07, 0x05, 0x06, 0x07,
    0x03, 0x04, 0x09, 0x06, 0x07, 0x07, 0x06, 0x06, 0x06, 0x05, 0x07, 0x07, 0x03, 0x06, 0x06, 0x05, 0x09, 0x06, 0x06, 0x07,
    0x06, 0x07, 0x07, 0x06, 0x06, 0x06, 0x09, 0x06, 0x07, 0x06, 0x04, 0x05, 0x04, 0x07, 0x06, 0x06, 0x06, 0x07, 0x04, 0x07,
    0x06, 0x03, 0x04, 0x06, 0x03, 0x09, 0x06, 0x06, 0x06, 0x06, 0x05, 0x07, 0x04, 0x06, 0x05, 0x09, 0x05, 0x07, 0x05, 0x04,
    0x11, 0x0d, 0x04, 0x04, 0x06, 0x0d, 0x07, 0x0d, 0x08, 0x03, 0x05, 0x05, 0x05, 0x09, 0x03, 0x05, 0x03, 0x05, 0x07, 0x04,
    0x07, 0x07, 0x07, 0x07, 0x07, 0x06, 0x07, 0x07, 0x04, 0x04, 0x09, 0x06, 0x07, 0x07, 0x07, 0x07, 0x06, 0x06, 0x07, 0x07,
    0x03, 0x06, 0x07, 0x05, 0x0a, 0x07, 0x07, 0x07, 0x07, 0x07, 0x07, 0x06, 0x07, 0x06, 0x0a, 0x06, 0x07, 0x06, 0x05, 0x05,
    0x05, 0x07, 0x06, 0x06, 0x06, 0x07, 0x05, 0x07, 0x06, 0x04, 0x04, 0x06, 0x03, 0x09, 0x06, 0x06, 0x06, 0x06, 0x05, 0x07,
    0x05, 0x06, 0x05, 0x09, 0x06, 0x07, 0x05, 0x04, 0x13, 0x0e, 0x05, 0x04, 0x06, 0x0e, 0x07, 0x0e, 0x08, 0x03, 0x05, 0x05,
    0x06, 0x0b, 0x04, 0x06, 0x04, 0x05, 0x07, 0x05, 0x08, 0x08, 0x08, 0x08, 0x08, 0x06, 0x08, 0x08, 0x04, 0x04, 0x0b, 0x07,
    0x08, 0x08, 0x07, 0x08, 0x07, 0x06, 0x08, 0x08, 0x04, 0x07, 0x08, 0x06, 0x0b, 0x08, 0x07, 0x08, 0x07, 0x08, 0x08, 0x07,
    0x08, 0x07, 0x0b, 0x07, 0x08, 0x07, 0x05, 0x05, 0x05, 0x07, 0x07, 0x07, 0x07, 0x07, 0x05, 0x07, 0x07, 0x04, 0x04, 0x07,
    0x04, 0x0a, 0x07, 0x07, 0x07, 0x07, 0x06, 0x07, 0x05, 0x07, 0x06, 0x0a, 0x06, 0x07, 0x06, 0x05, 0x15, 0x10, 0x05, 0x04,
    0x07, 0x0f, 0x08, 0x10, 0x09, 0x04, 0x06, 0x06, 0x06, 0x0c, 0x04, 0x06, 0x04, 0x06, 0x08, 0x06, 0x08, 0x08, 0x08, 0x08,
    0x08, 0x07, 0x08, 0x08, 0x04, 0x04, 0x0c, 0x08, 0x08, 0x08, 0x08, 0x08, 0x07, 0x07, 0x08, 0x08, 0x04, 0x08, 0x08, 0x07,
    0x0c, 0x08, 0x08, 0x08, 0x08, 0x08, 0x08, 0x07, 0x08, 0x08, 0x0c, 0x07, 0x08, 0x07, 0x06, 0x06, 0x06, 0x08, 0x08, 0x08,
    0x08, 0x08, 0x06, 0x08, 0x08, 0x04, 0x04, 0x07, 0x04, 0x0c, 0x08, 0x08, 0x08, 0x08, 0x07, 0x08, 0x06, 0x08, 0x07, 0x0c,
    0x07, 0x08, 0x06, 0x05, 0x18, 0x12, 0x06, 0x05, 0x08, 0x12, 0x09, 0x12, 0x0a, 0x04, 0x07, 0x07, 0x07, 0x0d, 0x05, 0x07,
    0x05, 0x07, 0x09, 0x06, 0x09, 0x09, 0x0a, 0x0a, 0x0a, 0x08, 0x09, 0x0a, 0x05, 0x05, 0x0d, 0x09, 0x0a, 0x0a, 0x09, 0x09,
    0x08, 0x08, 0x0a, 0x0a, 0x05, 0x09, 0x0a, 0x08, 0x0e, 0x0a, 0x09, 0x0a, 0x09, 0x0a, 0x0a, 0x08, 0x0a, 0x09, 0x0e, 0x08,
    0x0a, 0x08, 0x07, 0x07, 0x07, 0x0a, 0x09, 0x09, 0x09, 0x0a, 0x07, 0x09, 0x09, 0x05, 0x05, 0x09, 0x04, 0x0d, 0x09, 0x09,
    0x09, 0x09, 0x08, 0x09, 0x07, 0x09, 0x08, 0x0d, 0x08, 0x09, 0x07, 0x06, 0x1b, 0x14, 0x07, 0x05, 0x09, 0x14, 0x0b, 0x14,
    0x0c, 0x05, 0x08, 0x08, 0x08, 0x0f, 0x05, 0x08, 0x05, 0x08, 0x0b, 0x07, 0x0b, 0x0b, 0x0b, 0x0a, 0x0a, 0x09, 0x0b, 0x0a,
    0x06, 0x05, 0x0f, 0x0a, 0x0a, 0x0b, 0x0b, 0x0b, 0x09, 0x09, 0x0a, 0x0b, 0x05, 0x0a, 0x0b, 0x09, 0x10, 0x0b, 0x0b, 0x0a,
    0x0b, 0x0a, 0x0a, 0x0a, 0x0b, 0x0a, 0x10, 0x0a, 0x0a, 0x09, 0x08, 0x08, 0x08, 0x0a, 0x0a, 0x0a, 0x0a, 0x0a, 0x08, 0x0a,
    0x0a, 0x05, 0x05, 0x0a, 0x05, 0x0f, 0x0a, 0x0a, 0x0a, 0x0a, 0x09, 0x0a, 0x08, 0x0a, 0x09, 0x0f, 0x09, 0x0a, 0x08, 0x07,
    0x1d, 0x16, 0x07, 0x06, 0x0a, 0x15, 0x0b, 0x16, 0x0c, 0x05, 0x08, 0x08, 0x09, 0x10, 0x06, 0x08, 0x06, 0x08, 0x0b, 0x08,
    0x0b, 0x0b, 0x0b, 0x0b, 0x0b, 0x0a, 0x0b, 0x0b, 0x06, 0x05, 0x10, 0x0b, 0x0b, 0x0b, 0x0b, 0x0b, 0x0a, 0x0a, 0x0b, 0x0b,
    0x06, 0x0b, 0x0c, 0x09, 0x11, 0x0b, 0x0b, 0x0b, 0x0b, 0x0b, 0x0b, 0x0a, 0x0b, 0x0b, 0x11, 0x0a, 0x0b, 0x0a, 0x08, 0x08,
    0x08, 0x0b, 0x0b, 0x0b, 0x0b, 0x0b, 0x08, 0x0b, 0x0b, 0x05, 0x05, 0x0a, 0x05, 0x10, 0x0b, 0x0b, 0x0b, 0x0b, 0x09, 0x0b,
    0x08, 0x0b, 0x09, 0x10, 0x0a, 0x0b, 0x09, 0x07, 0x20, 0x18, 0x08, 0x07, 0x0b, 0x18, 0x0d, 0x18, 0x0e, 0x06, 0x09, 0x09,
    0x0a, 0x12, 0x06, 0x09, 0x06, 0x09, 0x0d, 0x08, 0x0d, 0x0d, 0x0d, 0x0d, 0x0d, 0x0b, 0x0d, 0x0d, 0x07, 0x06, 0x12, 0x0c,
    0x0d, 0x0d, 0x0d, 0x0d, 0x0b, 0x0b, 0x0c, 0x0d, 0x06, 0x0c, 0x0d, 0x0a, 0x13, 0x0d, 0x0d, 0x0d, 0x0d, 0x0d, 0x0d, 0x0b,
    0x0d, 0x0c, 0x13, 0x0b, 0x0d, 0x0b, 0x09, 0x09, 0x09, 0x0b, 0x0c, 0x0c, 0x0c, 0x0b, 0x0a, 0x0c, 0x0c, 0x06, 0x06, 0x0b,
    0x06, 0x12, 0x0c, 0x0c, 0x0c, 0x0c, 0x0a, 0x0c, 0x09, 0x0c, 0x0a, 0x12, 0x0b, 0x0c, 0x0a, 0x08, 0x21, 0x19, 0x08, 0x08,
    0x0b, 0x18, 0x0d, 0x19, 0x0e, 0x06, 0x09, 0x09, 0x0a, 0x12, 0x07, 0x0a, 0x07, 0x09, 0x0d, 0x09, 0x0d, 0x0d, 0x0d, 0x0d,
    0x0d, 0x0b, 0x0d, 0x0d, 0x07, 0x07, 0x12, 0x0d, 0x0d, 0x0d, 0x0d, 0x0d, 0x0b, 0x0b, 0x0c, 0x0d, 0x07, 0x0c, 0x0d, 0x0b,
    0x14, 0x0d, 0x0d, 0x0d, 0x0d, 0x0d, 0x0d, 0x0c, 0x0d, 0x0c, 0x14, 0x0c, 0x0d, 0x0b, 0x09, 0x09, 0x09, 0x0d, 0x0c, 0x0c,
    0x0c, 0x0d, 0x0a, 0x0d, 0x0c, 0x06, 0x06, 0x0c, 0x06, 0x12, 0x0c, 0x0c, 0x0c, 0x0c, 0x0a, 0x0d, 0x09, 0x0c, 0x0a, 0x12,
    0x0b, 0x0d, 0x0a, 0x08, 0x25, 0x1c, 0x09, 0x08, 0x0c, 0x1b, 0x0f, 0x1c, 0x0f, 0x06, 0x0a, 0x0a, 0x0b, 0x15, 0x07, 0x0b,
    0x07, 0x0b, 0x0f, 0x0a, 0x0f, 0x0f, 0x0f, 0x0f, 0x0f, 0x0d, 0x0f, 0x0f, 0x08, 0x08, 0x15, 0x0e, 0x0f, 0x0f, 0x0f, 0x0f,
    0x0d, 0x0c, 0x0f, 0x0f, 0x07, 0x0e, 0x0f, 0x0c, 0x16, 0x0f, 0x0f, 0x0e, 0x0f, 0x0e, 0x0f, 0x0d, 0x0f, 0x0d, 0x16, 0x0d,
    0x0f, 0x0d, 0x0a, 0x0b, 0x0a, 0x0d, 0x0e, 0x0e, 0x0e, 0x0d, 0x0b, 0x0d, 0x0e, 0x06, 0x07, 0x0d, 0x07, 0x14, 0x0e, 0x0e,
    0x0e, 0x0e, 0x0c, 0x0d, 0x0a, 0x0e, 0x0c, 0x14, 0x0c, 0x0d, 0x0b, 0x09, 0x2a, 0x20, 0x0b, 0x09, 0x0e, 0x1f, 0x11, 0x20,
    0x11, 0x07, 0x0c, 0x0c, 0x0d, 0x17, 0x08, 0x0c, 0x08, 0x0c, 0x11, 0x0b, 0x11, 0x11, 0x11, 0x11, 0x11, 0x0e, 0x11, 0x11,
    0x09, 0x09, 0x17, 0x10, 0x11, 0x11, 0x11, 0x11, 0x0f, 0x0e, 0x11, 0x11, 0x08, 0x10, 0x11, 0x0d, 0x19, 0x11, 0x11, 0x10,
    0x11, 0x11, 0x11, 0x0f, 0x11, 0x0f, 0x19, 0x0f, 0x11, 0x0f, 0x0c, 0x0c, 0x0c, 0x11, 0x10, 0x0f, 0x10, 0x11, 0x0d, 0x11,
    0x10, 0x08, 0x09, 0x0f, 0x08, 0x17, 0x10, 0x10, 0x10, 0x10, 0x0d, 0x11, 0x0c, 0x10, 0x0d, 0x17, 0x0e, 0x11, 0x0d, 0x0b,
    0x2e, 0x23, 0x0c, 0x09, 0x0f, 0x22, 0x12, 0x23, 0x13, 0x08, 0x0d, 0x0d, 0x0e, 0x1a, 0x09, 0x0d, 0x09, 0x0d, 0x12, 0x0c,
    0x12, 0x12, 0x12, 0x12, 0x12, 0x10, 0x12, 0x12, 0x09, 0x09, 0x1a, 0x11, 0x12, 0x12, 0x12, 0x12, 0x10, 0x0f, 0x12, 0x12,
    0x09, 0x11, 0x12, 0x0f, 0x1b, 0x12, 0x12, 0x11, 0x12, 0x12, 0x12, 0x10, 0x12, 0x11, 0x1b, 0x10, 0x12, 0x10, 0x0d, 0x0d,
    0x0d, 0x12, 0x11, 0x11, 0x11, 0x12, 0x0e, 0x11, 0x11, 0x09, 0x09, 0x10, 0x09, 0x19, 0x11, 0x11, 0x11, 0x11, 0x0f, 0x11,
    0x0d, 0x11, 0x0f, 0x19, 0x0f, 0x11, 0x0e, 0x0c, 0x32, 0x26, 0x0d, 0x0b, 0x11, 0x25, 0x14, 0x26, 0x14, 0x09, 0x0e, 0x0e,
    0x0f, 0x1c, 0x0a, 0x0f, 0x0a, 0x0e, 0x14, 0x0d, 0x14, 0x14, 0x14, 0x14, 0x14, 0x11, 0x14, 0x14, 0x0a, 0x0a, 0x1c, 0x13,
    0x14, 0x14, 0x14, 0x14, 0x11, 0x11, 0x14, 0x14, 0x0a, 0x13, 0x14, 0x10, 0x1e, 0x14, 0x14, 0x14, 0x14, 0x14, 0x14, 0x12,
    0x14, 0x12, 0x1e, 0x12, 0x14, 0x11, 0x0e, 0x0e, 0x0e, 0x12, 0x13, 0x12, 0x13, 0x12, 0x10, 0x13, 0x13, 0x0a, 0x0a, 0x12,
    0x09, 0x1c, 0x13, 0x13, 0x13, 0x13, 0x10, 0x13, 0x0e, 0x13, 0x10, 0x1c, 0x11, 0x13, 0x0f, 0x0d, 0x36, 0x29, 0x0e, 0x0c,
    0x12, 0x28, 0x15, 0x29, 0x16, 0x09, 0x0f, 0x0f, 0x10, 0x1e, 0x0b, 0x10, 0x0b, 0x0f, 0x15, 0x0e, 0x15, 0x15, 0x15, 0x15,
    0x15, 0x12, 0x15, 0x15, 0x0b, 0x0b, 0x1e, 0x15, 0x15, 0x15, 0x15, 0x15, 0x13, 0x12, 0x15, 0x15, 0x0b, 0x14, 0x16, 0x11,
    0x20, 0x15, 0x15, 0x15, 0x15, 0x15, 0x15, 0x13, 0x15, 0x14, 0x20, 0x13, 0x15, 0x13, 0x0f, 0x0f, 0x0f, 0x14, 0x14, 0x14,
    0x14, 0x14, 0x11, 0x14, 0x14, 0x0a, 0x0a, 0x13, 0x0a, 0x1e, 0x14, 0x14, 0x14, 0x14, 0x11, 0x14, 0x0f, 0x14, 0x11, 0x1e,
    0x12, 0x14, 0x11, 0x0e, 0x3a, 0x2c, 0x0f, 0x0d, 0x13, 0x2b, 0x17, 0x2c, 0x17, 0x0a, 0x10, 0x10, 0x11, 0x20, 0x0b, 0x11,
    0x0b, 0x11, 0x17, 0x0f, 0x17, 0x17, 0x17, 0x17, 0x17, 0x14, 0x17, 0x17, 0x0c, 0x0c, 0x20, 0x16, 0x17, 0x16, 0x17, 0x17,
    0x14, 0x13, 0x16, 0x17, 0x0c, 0x16, 0x17, 0x13, 0x22, 0x17, 0x17, 0x17, 0x17, 0x17, 0x17, 0x14, 0x17, 0x15, 0x22, 0x14,
    0x17, 0x14, 0x10, 0x11, 0x10, 0x15, 0x16, 0x15, 0x16, 0x15, 0x12, 0x15, 0x16, 0x0a, 0x0b, 0x15, 0x0b, 0x20, 0x16, 0x16,
    0x16, 0x16, 0x12, 0x15, 0x10, 0x16, 0x12, 0x20, 0x13, 0x15, 0x12, 0x0f, 0x43, 0x33, 0x11, 0x0e, 0x16, 0x31, 0x1a, 0x33,
    0x1b, 0x0c, 0x13, 0x13, 0x14, 0x25, 0x0d, 0x14, 0x0d, 0x13, 0x1a, 0x12, 0x1a, 0x1a, 0x1b, 0x1b, 0x1b, 0x17, 0x1a, 0x1b,
    0x0e, 0x0e, 0x25, 0x19, 0x1b, 0x1a, 0x1a, 0x1a, 0x17, 0x16, 0x1b, 0x1b, 0x0d, 0x19, 0x1b, 0x15, 0x28, 0x1b, 0x1a, 0x1a,
    0x1a, 0x1b, 0x1b, 0x18, 0x1b, 0x18, 0x28, 0x18, 0x1b, 0x17, 0x13, 0x13, 0x13, 0x18, 0x19, 0x19, 0x19, 0x18, 0x15, 0x18,
    0x19, 0x0d, 0x0c, 0x18, 0x0c, 0x25, 0x19, 0x19, 0x19, 0x19, 0x15, 0x18, 0x13, 0x19, 0x15, 0x25, 0x17, 0x18, 0x15, 0x11,
    0x4b, 0x39, 0x13, 0x10, 0x19, 0x37, 0x1e, 0x39, 0x1e, 0x0d, 0x15, 0x15, 0x17, 0x2a, 0x0f, 0x16, 0x0f, 0x15, 0x1e, 0x14,
    0x1e, 0x1e, 0x1d, 0x1e, 0x1e, 0x19, 0x1e, 0x1e, 0x0f, 0x0f, 0x2a, 0x1c, 0x1e, 0x1d, 0x1e, 0x1e, 0x1a, 0x19, 0x1d, 0x1d,
    0x0f, 0x1c, 0x1e, 0x18, 0x2c, 0x1e, 0x1e, 0x1d, 0x1e, 0x1e, 0x1e, 0x1a, 0x1e, 0x1b, 0x2c, 0x1a, 0x1e, 0x1a, 0x15, 0x15,
    0x15, 0x1c, 0x1c, 0x1b, 0x1c, 0x1c, 0x17, 0x1c, 0x1c, 0x0e, 0x0e, 0x1b, 0x0e, 0x29, 0x1c, 0x1c, 0x1c, 0x1c, 0x18, 0x1c,
    0x15, 0x1c, 0x18, 0x29, 0x19, 0x1c, 0x17, 0x13, 0x00, 0x00, 0x00, 0x03, 0x00, 0x00, 0x00, 0x03, 0x00, 0x00, 0x01, 0x6c,
    0x00, 0x01, 0x00, 0x00, 0x00, 0x00, 0x00, 0x1c, 0x00, 0x03, 0x00, 0x01, 0x00, 0x00, 0x01, 0x22, 0x00, 0x00, 0x01, 0x06,
    0x00, 0x00, 0x00, 0x00, 0x00, 0x00, 0x00, 0x00, 0x00, 0x00, 0x00, 0x00, 0x00, 0x00, 0x00, 0x00, 0x00, 0x00, 0x00, 0x00,
    0x00, 0x00, 0x00, 0x00, 0x00, 0x00, 0x00, 0x00, 0x00, 0x00, 0x00, 0x00, 0x00, 0x00, 0x55, 0x01, 0x02, 0x03, 0x04, 0x05,
    0x06, 0x07, 0x08, 0x09, 0x0a, 0x0b, 0x0c, 0x0d, 0x0e, 0x0f, 0x10, 0x11, 0x12, 0x13, 0x14, 0x15, 0x16, 0x17, 0x18, 0x19,
    0x1a, 0x1b, 0x00, 0x1c, 0x00, 0x1d, 0x00, 0x1e, 0x1f, 0x20, 0x21, 0x22, 0x23, 0x24, 0x25, 0x26, 0x27, 0x28, 0x29, 0x2a,
    0x2b, 0x2c, 0x2d, 0x2e, 0x2f, 0x30, 0x31, 0x32, 0x33, 0x34, 0x35, 0x36, 0x37, 0x38, 0x39, 0x3a, 0x00, 0x00, 0x00, 0x3b,
    0x3c, 0x3d, 0x3e, 0x3f, 0x40, 0x41, 0x42, 0x43, 0x44, 0x45, 0x46, 0x47, 0x48, 0x49, 0x4a, 0x4b, 0x4c, 0x4d, 0x4e, 0x4f,
    0x50, 0x51, 0x52, 0x53, 0x54, 0x00, 0x00, 0x00, 0x00, 0x00, 0x00, 0x00, 0x00, 0x00, 0x00, 0x00, 0x00, 0x00, 0x00, 0x00,
    0x00, 0x00, 0x00, 0x00, 0x00, 0x00, 0x00, 0x00, 0x00, 0x00, 0x00, 0x00, 0x00, 0x00, 0x00, 0x00, 0x00, 0x00, 0x00, 0x00,
    0x00, 0x00, 0x00, 0x00, 0x00, 0x00, 0x00, 0x00, 0x00, 0x00, 0x00, 0x00, 0x00, 0x00, 0x00, 0x00, 0x00, 0x00, 0x00, 0x00,
    0x00, 0x00, 0x00, 0x00, 0x00, 0x00, 0x00, 0x00, 0x00, 0x00, 0x00, 0x00, 0x00, 0x00, 0x00, 0x00, 0x00, 0x00, 0x00, 0x00,
    0x00, 0x00, 0x00, 0x00, 0x00, 0x00, 0x00, 0x00, 0x00, 0x00, 0x00, 0x00, 0x00, 0x00, 0x00, 0x00, 0x00, 0x00, 0x00, 0x00,
    0x00, 0x00, 0x00, 0x00, 0x00, 0x00, 0x00, 0x00, 0x00, 0x00, 0x00, 0x00, 0x00, 0x00, 0x00, 0x00, 0x00, 0x00, 0x00, 0x00,
    0x00, 0x00, 0x00, 0x00, 0x00, 0x00, 0x00, 0x00, 0x00, 0x00, 0x00, 0x00, 0x00, 0x00, 0x00, 0x00, 0x00, 0x00, 0x00, 0x04,
    0x00, 0x4a, 0x00, 0x00, 0x00, 0x0e, 0x00, 0x08, 0x00, 0x02, 0x00, 0x06, 0x00, 0x20, 0x00, 0x3b, 0x00, 0x3d, 0x00, 0x3f,
    0x00, 0x5d, 0x00, 0x7a, 0xff, 0xff, 0x00, 0x00, 0x00, 0x20, 0x00, 0x21, 0x00, 0x3d, 0x00, 0x3f, 0x00, 0x41, 0x00, 0x61,
    0xff, 0xff, 0x00, 0x00, 0xff, 0xe0, 0xff, 0xdf, 0xff, 0xde, 0xff, 0xdd, 0xff, 0xda, 0x00, 0x01, 0x00, 0x0e, 0x00, 0x00,
    0x00, 0x00, 0x00, 0x00, 0x00, 0x00, 0x00, 0x00, 0x00, 0x00, 0x00, 0x55, 0x00, 0x04, 0x00, 0x4a, 0x00, 0x00, 0x00, 0x0e,
    0x00, 0x08, 0x00, 0x02, 0x00, 0x06, 0x00, 0x20, 0x00, 0x3b, 0x00, 0x3d, 0x00, 0x3f, 0x00, 0x5d, 0x00, 0x7a, 0xff, 0xff,
    0x00, 0x00, 0x00, 0x20, 0x00, 0x21, 0x00, 0x3d, 0x00, 0x3f, 0x00, 0x41, 0x00, 0x61, 0xff, 0xff, 0x00, 0x00, 0xff, 0xe0,
    0xff, 0xdf, 0xff, 0xde, 0xff, 0xdd, 0xff, 0xda, 0x00, 0x01, 0x00, 0x0e, 0x00, 0x00, 0x00, 0x00, 0x00, 0x00, 0x00, 0x00,
    0x00, 0x00, 0x00, 0x00, 0x00, 0x55, 0x00, 0x00, 0x40, 0x07, 0x06, 0x05, 0x04, 0x03, 0x02, 0x01, 0x00, 0x2c, 0x20, 0x10,
    0xb0, 0x02, 0x25, 0x49, 0x64, 0xb0, 0x40, 0x51, 0x58, 0x20, 0xc8, 0x59, 0x21, 0x2d, 0x2c, 0xb0, 0x02, 0x25, 0x49, 0x64,
    0xb0, 0x40, 0x51, 0x58, 0x20, 0xc8, 0x59, 0x21, 0x2d, 0x2c, 0x20, 0x10, 0x07, 0x20, 0xb0, 0x00, 0x50, 0xb0, 0x0d, 0x79,
    0x20, 0xb8, 0xff, 0xff, 0x50, 0x58, 0x04, 0x1b, 0x05, 0x59, 0xb0, 0x05, 0x1c, 0xb0, 0x03, 0x25, 0x08, 0xb0, 0x04, 0x25,
    0x23, 0xe1, 0x20, 0xb0, 0x00, 0x50, 0xb0, 0x0d, 0x79, 0x20, 0xb8, 0xff, 0xff, 0x50, 0x58, 0x04, 0x1b, 0x05, 0x59, 0xb0,
    0x05, 0x1c, 0xb0, 0x03, 0x25, 0x08, 0xe1, 0x2d, 0x2c, 0x4b, 0x50, 0x58, 0x20, 0xb0, 0x48, 0x45, 0x44, 0x59, 0x21, 0x2d,
    0x2c, 0xb0, 0x02, 0x25, 0x45, 0x60, 0x44, 0x2d, 0x2c, 0x4b, 0x53, 0x58, 0xb0, 0x02, 0x25, 0xb0, 0x02, 0x25, 0x45, 0x44,
    0x59, 0x21, 0x21, 0x2d, 0x2c, 0x45, 0x44, 0x2d, 0xb8, 0x00, 0x07, 0x2c, 0x4b, 0xb8, 0x00, 0x06, 0x50, 0x58, 0xb1, 0x01,
    0x01, 0x8e, 0x59, 0xb8, 0x01, 0xff, 0x85, 0xb8, 0x00, 0x44, 0x1d, 0xb9, 0x00, 0x06, 0x00, 0x03, 0x5f, 0x5e, 0x2d, 0xb8,
    0x00, 0x08, 0x2c, 0x20, 0x20, 0x45, 0x69, 0x44, 0xb0, 0x01, 0x60, 0x2d, 0xb8, 0x00, 0x09, 0x2c, 0xb8, 0x00, 0x08, 0x2a,
    0x21, 0x2d, 0xb8, 0x00, 0x0a, 0x2c, 0x20, 0x46, 0xb0, 0x03, 0x25, 0x46, 0x52, 0x58, 0x23, 0x59, 0x20, 0x8a, 0x20, 0x8a,
    0x49, 0x64, 0x8a, 0x20, 0x46, 0x20, 0x68, 0x61, 0x64, 0xb0, 0x04, 0x25, 0x46, 0x20, 0x68, 0x61, 0x64, 0x52, 0x58, 0x23,
    0x65, 0x8a, 0x59, 0x2f, 0x20, 0xb0, 0x00, 0x53, 0x58, 0x69, 0x20, 0xb0, 0x00, 0x54, 0x58, 0x21, 0xb0, 0x40, 0x59, 0x1b,
    0x69, 0x20, 0xb0, 0x00, 0x54, 0x58, 0x21, 0xb0, 0x40, 0x65, 0x59, 0x59, 0x3a, 0x2d, 0xb8, 0x00, 0x0b, 0x2c, 0x20, 0x46,
    0xb0, 0x04, 0x25, 0x46, 0x52, 0x58, 0x23, 0x8a, 0x59, 0x20, 0x46, 0x20, 0x6a, 0x61, 0x64, 0xb0, 0x04, 0x25, 0x46, 0x20,
    0x6a, 0x61, 0x64, 0x52, 0x58, 0x23, 0x8a, 0x59, 0x2f, 0xfd, 0x2d, 0xb8, 0x00, 0x0c, 0x2c, 0x4b, 0x20, 0xb0, 0x03, 0x26,
    0x50, 0x58, 0x51, 0x58, 0xb0, 0x80, 0x44, 0x1b, 0xb0, 0x40, 0x44, 0x59, 0x1b, 0x21, 0x21, 0x20, 0x45, 0xb0, 0xc0, 0x50,
    0x58, 0xb0, 0xc0, 0x44, 0x1b, 0x21, 0x59, 0x59, 0x2d, 0xb8, 0x00, 0x0d, 0x2c, 0x20, 0x20, 0x45, 0x69, 0x44, 0xb0, 0x01,
    0x60, 0x20, 0x20, 0x45, 0x7d, 0x69, 0x18, 0x44, 0xb0, 0x01, 0x60, 0x2d, 0xb8, 0x00, 0x0e, 0x2c, 0xb8, 0x00, 0x0d, 0x2a,
    0x2d, 0xb8, 0x00, 0x0f, 0x2c, 0x4b, 0x20, 0xb0, 0x03, 0x26, 0x53, 0x58, 0xb0, 0x40, 0x1b, 0xb0, 0x00, 0x59, 0x8a, 0x8a,
    0x20, 0xb0, 0x03, 0x26, 0x53, 0x58, 0x23, 0x21, 0xb0, 0x80, 0x8a, 0x8a, 0x1b, 0x8a, 0x23, 0x59, 0x20, 0xb0, 0x03, 0x26,
    0x53, 0x58, 0x23, 0x21, 0xb8, 0x00, 0xc0, 0x8a, 0x8a, 0x1b, 0x8a, 0x23, 0x59, 0x20, 0xb0, 0x03, 0x26, 0x53, 0x58, 0x23,
    0x21, 0xb8, 0x01, 0x00, 0x8a, 0x8a, 0x1b, 0x8a, 0x23, 0x59, 0x20, 0xb0, 0x03, 0x26, 0x53, 0x58, 0x23, 0x21, 0xb8, 0x01,
    0x40, 0x8a, 0x8a, 0x1b, 0x8a, 0x23, 0x59, 0x20, 0xb8, 0x00, 0x03, 0x26, 0x53, 0x58, 0xb0, 0x03, 0x25, 0x45, 0xb8, 0x01,
    0x80, 0x50, 0x58, 0x23, 0x21, 0xb8, 0x01, 0x80, 0x23, 0x21, 0x1b, 0xb0, 0x03, 0x25, 0x45, 0x23, 0x21, 0x23, 0x21, 0x59,
    0x1b, 0x21, 0x59, 0x44, 0x2d, 0xb8, 0x00, 0x10, 0x2c, 0x4b, 0x53, 0x58, 0x45, 0x44, 0x1b, 0x21, 0x21, 0x59, 0x2d, 0x00,
    0xb8, 0x00, 0x07, 0x2b, 0x41, 0xff, 0x02, 0x80, 0x00, 0x46, 0x00, 0xfe, 0x00, 0x03, 0x00, 0x45, 0x00, 0x13, 0x00, 0x03,
    0x00, 0x44, 0x00, 0x3c, 0x00, 0x03, 0x00, 0x43, 0x00, 0x13, 0x00, 0x03, 0x00, 0x42, 0x00, 0x0e, 0x00, 0x03, 0x00, 0x41,
    0x00, 0xfe, 0x00, 0x03, 0x00, 0x40, 0x00, 0xfe, 0x00, 0x03, 0x00, 0x3f, 0x00, 0x6b, 0x00, 0x03, 0x00, 0x3e, 0x00, 0xfe,
    0x00, 0x03, 0x00, 0x3d, 0x00, 0xbb, 0x00, 0x03, 0x00, 0x3c, 0x00, 0x2d, 0x00, 0x0e, 0x00, 0x05, 0x00, 0x3c, 0x00, 0x16,
    0x00, 0x03, 0x00, 0x3b, 0x00, 0xfe, 0x00, 0x03, 0x00, 0x3a, 0x00, 0xfe, 0x00, 0x03, 0x00, 0x39, 0x00, 0x2d, 0x00, 0x0e,
    0x00, 0x05, 0x00, 0x39, 0x00, 0x16, 0x00, 0x03, 0x00, 0x38, 0x00, 0xfe, 0x00, 0x03, 0x00, 0x37, 0x00, 0xfe, 0x00, 0x03,
    0x00, 0x36, 0x00, 0xfe, 0x00, 0x03, 0x00, 0x35, 0x00, 0xfe, 0x00, 0x03, 0x00, 0x34, 0x00, 0xfa, 0x00, 0x03, 0x00, 0x33,
    0x00, 0x2d, 0x00, 0x0e, 0x00, 0x05, 0x00, 0x33, 0x00, 0xfa, 0x00, 0x03, 0x00, 0x32, 0x00, 0x31, 0x00, 0x10, 0x00, 0x05,
    0x00, 0x32, 0x00, 0xfe, 0x00, 0x03, 0x00, 0x31, 0x00, 0x10, 0x00, 0x03, 0x00, 0x31, 0x00, 0x40, 0x00, 0x04, 0x00, 0x30,
    0x00, 0xfe, 0x00, 0x03, 0x00, 0x2f, 0x00, 0x2d, 0x00, 0x0e, 0x00, 0x05, 0x00, 0x2f, 0x00, 0xfe, 0x00, 0x03, 0x00, 0x2e,
    0x00, 0x2d, 0x00, 0x0e, 0x00, 0x05, 0x00, 0x2e, 0x00, 0x11, 0x00, 0x03, 0x00, 0x2d, 0x00, 0x0e, 0x00, 0x03, 0x00, 0x2d,
    0xff, 0xf4, 0x00, 0x04, 0x00, 0x2c, 0x00, 0x11, 0x00, 0x03, 0x00, 0x2c, 0x00, 0x40, 0x00, 0x04, 0x00, 0x2b, 0x00, 0xfe,
    0x00, 0x03, 0x00, 0x2a, 0x00, 0xfe, 0x00, 0x03, 0x00, 0x29, 0x00, 0xfe, 0x00, 0x03, 0x00, 0x28, 0x00, 0xfa, 0x00, 0x03,
    0x00, 0x27, 0x00, 0xfe, 0x00, 0x03, 0x00, 0x26, 0x00, 0xfe, 0x00, 0x03, 0x00, 0x25, 0x00, 0xfe, 0x00, 0x03, 0x00, 0x24,
    0x00, 0x23, 0x00, 0x0f, 0x00, 0x05, 0x00, 0x24, 0x00, 0xaf, 0x00, 0x03, 0x00, 0x23, 0x00, 0x0f, 0x00, 0x03, 0x00, 0x22,
    0x00, 0xfe, 0x00, 0x03, 0x00, 0x21, 0x00, 0xbb, 0x00, 0x03, 0x00, 0x20, 0x00, 0x5d, 0x00, 0x03, 0x00, 0x1f, 0x00, 0x07,
    0x00, 0x0e, 0x00, 0x05, 0x00, 0x1f, 0x00, 0xbb, 0x00, 0x03, 0x00, 0x1e, 0x00, 0x96, 0x00, 0x03, 0x00, 0x1d, 0x00, 0x07,
    0x00, 0x0e, 0x00, 0x05, 0x00, 0x1d, 0x00, 0x5d, 0x00, 0x03, 0x00, 0x1c, 0x00, 0x1b, 0x00, 0x08, 0x00, 0x05, 0x00, 0x1c,
    0x00, 0xfe, 0x00, 0x03, 0x00, 0x1b, 0x00, 0x08, 0x00, 0x03, 0x00, 0x1a, 0x00, 0xfe, 0x00, 0x03, 0x00, 0x19, 0x00, 0xbb,
    0x00, 0x03, 0x00, 0x18, 0x00, 0x7d, 0x00, 0x03, 0x00, 0x17, 0x00, 0xfe, 0x00, 0x03, 0x00, 0x16, 0x00, 0xfe, 0x00, 0x03,
    0x00, 0x15, 0x00, 0xfe, 0x00, 0x03, 0x00, 0x14, 0x00, 0x07, 0x00, 0x0e, 0x00, 0x05, 0x00, 0x14, 0x00, 0xfe, 0x00, 0x03,
    0x00, 0x13, 0x00, 0x12, 0x00, 0x1a, 0x00, 0x05, 0x00, 0x13, 0x00, 0xfe, 0x00, 0x03, 0x00, 0x12, 0x00, 0x1a, 0x00, 0x03,
    0x00, 0x11, 0x00, 0x10, 0x00, 0x4b, 0x00, 0x05, 0x00, 0x11, 0x00, 0xfa, 0x00, 0x03, 0x00, 0x10, 0x00, 0x07, 0x00, 0x0e,
    0x00, 0x05, 0x00, 0x10, 0x00, 0x4b, 0x00, 0x03, 0x00, 0x0f, 0x00, 0xfe, 0x00, 0x03, 0x00, 0x0e, 0x00, 0x0d, 0x00, 0x10,
    0x00, 0x05, 0x00, 0x0e, 0x00, 0xfe, 0x00, 0x03, 0x00, 0x0d, 0x00, 0x10, 0x00, 0x03, 0x00, 0x0d, 0x00, 0x40, 0x00, 0x04,
    0x00, 0x0c, 0x00, 0xfe, 0x00, 0x03, 0x00, 0x0b, 0x00, 0xfe, 0x00, 0x03, 0x00, 0x0a, 0x00, 0xfe, 0x41, 0x30, 0x00, 0x03,
    0x00, 0x09, 0x00, 0x08, 0x00, 0x4b, 0x00, 0x05, 0x00, 0x09, 0x00, 0xfe, 0x00, 0x03, 0x00, 0x08, 0x00, 0x07, 0x00, 0x0e,
    0x00, 0x05, 0x00, 0x08, 0x00, 0x4b, 0x00, 0x03, 0x00, 0x07, 0x00, 0x0e, 0x00, 0x03, 0x00, 0x07, 0xff, 0xf4, 0x00, 0x04,
    0x00, 0x06, 0x00, 0x7d, 0x00, 0x03, 0x00, 0x05, 0x00, 0xfe, 0x00, 0x03, 0x00, 0x04, 0x00, 0x03, 0x00, 0x0f, 0x00, 0x05,
    0x00, 0x04, 0x00, 0xfe, 0x00, 0x03, 0x00, 0x03, 0x00, 0x0f, 0x00, 0x03, 0x00, 0x02, 0x00, 0xfe, 0x00, 0x03, 0x00, 0x01,
    0x00, 0xfe, 0x00, 0x03, 0x00, 0x00, 0x00, 0x7d, 0x00, 0x03, 0x00, 0x00, 0x01, 0x64, 0x85, 0x8d, 0x01, 0x2b, 0x2b, 0x2b,
    0x2b, 0x2b, 0x2b, 0x2b, 0x2b, 0x2b, 0x2b, 0x2b, 0x2b, 0x2b, 0x2b, 0x2b, 0x2b, 0x2b, 0x2b, 0x2b, 0x2b, 0x2b, 0x2b, 0x2b,
    0x2b, 0x2b, 0x2b, 0x2b, 0x2b, 0x2b, 0x2b, 0x2b, 0x2b, 0x2b, 0x2b, 0x2b, 0x2b, 0x2b, 0x2b, 0x2b, 0x2b, 0x2b, 0x2b, 0x2b,
    0x2b, 0x2b, 0x2b, 0x2b, 0x2b, 0x2b, 0x2b, 0x2b, 0x2b, 0x2b, 0x2b, 0x00, 0x2b, 0x2b, 0x2b, 0x2b, 0x2b, 0x2b, 0x2b, 0x2b,
    0x2b, 0x2b, 0x2b, 0x2b, 0x2b, 0x2b, 0x2b, 0x2b, 0x2b, 0x2b, 0x2b, 0x2b, 0x2b, 0x2b, 0x2b, 0x2b, 0x2b, 0x2b, 0x2b, 0x2b,
    0x2b, 0x2b, 0x2b, 0x2b, 0x2b, 0x2b, 0x2b, 0x2b, 0x2b, 0x2b, 0x2b, 0x2b, 0x1d, 0x00, 0x00, 0x00, 0x00, 0x5c, 0x00, 0xe9,
    0x00, 0xae, 0x00, 0x00, 0x00, 0x98, 0x02, 0x66, 0x00, 0x54, 0x00, 0xe3, 0x00, 0xe3, 0x00, 0xec, 0x01, 0x8f, 0x00, 0xa2,
    0x02, 0x7f, 0x00, 0x00, 0x00, 0xcf, 0x00, 0x56, 0x00, 0xe3, 0x00, 0xe7, 0x00, 0x00, 0x00, 0x3b, 0x00, 0xcf, 0x00, 0xbe,
    0x02, 0x7b, 0x03, 0xb4, 0x01, 0x44, 0x00, 0x2b, 0x02, 0x7b, 0x00, 0x00, 0x00, 0xe5, 0x00, 0xe3, 0x00, 0x4c, 0x00, 0xe3,
    0x02, 0x66, 0x02, 0x44, 0x00, 0x7d, 0x02, 0x66, 0x02, 0x58, 0x00, 0x0c, 0x00, 0x73, 0x04, 0x00, 0x00, 0xe7, 0x05, 0x8d,
    0x02, 0x2d, 0x00, 0xa2, 0x01, 0x42, 0x00, 0xe3, 0x00, 0xe3, 0x00, 0xe3, 0x00, 0x9c, 0x00, 0x00, 0x00, 0xc5, 0x00, 0xe1,
    0x00, 0xe5, 0x00, 0xc5, 0x00, 0xc3, 0x01, 0xaa, 0x06, 0x4c, 0x00, 0xe3, 0x00, 0xe1, 0x03, 0xb2, 0x00, 0xe1, 0x00, 0xd9,
    0x04, 0x73, 0x01, 0x19, 0x00, 0xd3, 0x01, 0x1d, 0x00, 0xd9, 0x00, 0x00, 0x00, 0xbe, 0x00, 0xbe, 0x00, 0x73, 0x00, 0x00,
    0x14, 0x00, 0x00, 0x2a, 0x00, 0x02, 0x00, 0x68, 0x00, 0x00, 0x01, 0x50, 0x05, 0x8d, 0x00, 0x03, 0x00, 0x07, 0x00, 0x39,
    0xb8, 0x00, 0x07, 0x2b, 0xba, 0x00, 0x01, 0x00, 0x00, 0x00, 0x0a, 0x2b, 0xb8, 0x00, 0x00, 0x10, 0xb8, 0x00, 0x04, 0xd0,
    0xb8, 0x00, 0x01, 0x10, 0xb8, 0x00, 0x06, 0xd0, 0xb8, 0x00, 0x01, 0x10, 0xb8, 0x00, 0x09, 0xdc, 0x00, 0xb8, 0x00, 0x05,
    0x2f, 0xb8, 0x00, 0x02, 0x2f, 0xba, 0x00, 0x01, 0x00, 0x02, 0x00, 0x05, 0x11, 0x12, 0x39, 0x30, 0x31, 0x3f, 0x01, 0x15,
    0x23, 0x19, 0x01, 0x33, 0x11, 0x68, 0xe8, 0xe8, 0xe8, 0xa9, 0x3e, 0xe7, 0x01, 0x2f, 0x04, 0x5e, 0xfb, 0xda, 0x00, 0x00,
    0x00, 0x02, 0x00, 0x50, 0x03, 0x60, 0x02, 0x56, 0x05, 0x8d, 0x00, 0x03, 0x00, 0x07, 0x00, 0x1d, 0x40, 0x0e, 0x06, 0x02,
    0x2a, 0x04, 0x00, 0x29, 0x08, 0x00, 0x02, 0x01, 0x05, 0x02, 0x04, 0x08, 0x10, 0xd4, 0xec, 0xd4, 0xec, 0x31, 0x00, 0x10,
    0xf4, 0x3c, 0xec, 0x32, 0x30, 0x01, 0x33, 0x11, 0x23, 0x01, 0x33, 0x11, 0x23, 0x01, 0xa8, 0xae, 0xae, 0xfe, 0xa8, 0xae,
    0xae, 0x05, 0x8d, 0xfd, 0xd3, 0x02, 0x2d, 0xfd, 0xd3, 0x00, 0x00, 0x00, 0x00, 0x02, 0x00, 0x27, 0x00, 0x00, 0x05, 0xbe,
    0x05, 0x8d, 0x00, 0x03, 0x00, 0x1f, 0x00, 0x71, 0x40, 0x43, 0x1c, 0x0c, 0x00, 0x2b, 0x06, 0x18, 0x14, 0x10, 0x2b, 0x1a,
    0x0e, 0x01, 0x1e, 0x0a, 0x06, 0x08, 0x04, 0x29, 0x16, 0x12, 0x1a, 0x17, 0x19, 0x1f, 0x1e, 0x1c, 0x1b, 0x18, 0x16, 0x15,
    0x01, 0x08, 0x1d, 0x13, 0x0c, 0x09, 0x0f, 0x0b, 0x14, 0x12, 0x00, 0x06, 0x04, 0x05, 0x13, 0x11, 0x10, 0x0e, 0x0d, 0x0a,
    0x08, 0x07, 0x03, 0x02, 0x09, 0x0f, 0x05, 0x05, 0x0f, 0x04, 0x0b, 0x13, 0x05, 0x1d, 0x04, 0x19, 0x20, 0x10, 0xd4, 0xe4,
    0xe4, 0xdc, 0xe4, 0xe4, 0x11, 0x17, 0x39, 0x11, 0x17, 0x39, 0x11, 0x12, 0x39, 0x39, 0x11, 0x12, 0x17, 0x39, 0x11, 0x39,
    0x39, 0x31, 0x00, 0x2f, 0x3c, 0xe4, 0x32, 0xc4, 0x32, 0x32, 0xd4, 0x3c, 0x3c, 0xec, 0x32, 0x32, 0x10, 0xec, 0x32, 0x32,
    0x30, 0x01, 0x03, 0x21, 0x13, 0x01, 0x33, 0x03, 0x21, 0x13, 0x33, 0x03, 0x21, 0x07, 0x21, 0x03, 0x21, 0x07, 0x21, 0x03,
    0x23, 0x13, 0x21, 0x03, 0x23, 0x13, 0x21, 0x37, 0x21, 0x13, 0x21, 0x37, 0x21, 0x02, 0x8f, 0x68, 0x01, 0x35, 0x69, 0xfe,
    0xe1, 0xb4, 0x8d, 0x01, 0x2d, 0x8d, 0xb4, 0x8d, 0x01, 0x10, 0x3b, 0xfe, 0xf2, 0x69, 0x01, 0x1b, 0x3e, 0xfe, 0xe8, 0x8f,
    0xb5, 0x90, 0xfe, 0xd3, 0x92, 0xb2, 0x8f, 0xfe, 0xec, 0x3b, 0x01, 0x15, 0x68, 0xfe, 0xdf, 0x3a, 0x01, 0x1f, 0x03, 0x5c,
    0xfe, 0xd5, 0x01, 0x2b, 0x02, 0x31, 0xfe, 0x71, 0x01, 0x8f, 0xfe, 0x71, 0xa2, 0xfe, 0xd5, 0xa0, 0xfe, 0x6f, 0x01, 0x91,
    0xfe, 0x6f, 0x01, 0x91, 0xa0, 0x01, 0x2b, 0xa2, 0x00, 0x01, 0x00, 0x54, 0xff, 0xbe, 0x02, 0xd3, 0x05, 0xc3, 0x00, 0x23,
    0x00, 0xd3, 0xb8, 0x00, 0x07, 0x2b, 0xba, 0x00, 0x0f, 0x00, 0x00, 0x00, 0x0a, 0x2b, 0xb8, 0x00, 0x0f, 0x10, 0xb8, 0x00,
    0x04, 0xd0, 0xb8, 0x00, 0x04, 0x2f, 0xb8, 0x00, 0x0e, 0x10, 0xb8, 0x00, 0x06, 0xd0, 0xb8, 0x00, 0x06, 0x2f, 0xb8, 0x00,
    0x0f, 0x10, 0xb8, 0x00, 0x07, 0xdc, 0xb8, 0x00, 0x0c, 0xdc, 0xb8, 0x00, 0x07, 0x10, 0xb8, 0x00, 0x0d, 0xd0, 0xb8, 0x00,
    0x0d, 0x2f, 0xb8, 0x00, 0x0c, 0x10, 0xb8, 0x00, 0x11, 0xd0, 0xb8, 0x00, 0x07, 0x10, 0xb8, 0x00, 0x16, 0xd0, 0xb8, 0x00,
    0x0e, 0x10, 0xb8, 0x00, 0x17, 0xd0, 0xb8, 0x00, 0x17, 0x2f, 0xb8, 0x00, 0x0f, 0x10, 0xb8, 0x00, 0x18, 0xd0, 0xb8, 0x00,
    0x18, 0x2f, 0xb8, 0x00, 0x04, 0x10, 0xb8, 0x00, 0x19, 0xd0, 0xb8, 0x00, 0x00, 0x10, 0xb8, 0x00, 0x1d, 0xd0, 0xb8, 0x00,
    0x0f, 0x10, 0xb8, 0x00, 0x1f, 0xd0, 0xb8, 0x00, 0x04, 0x10, 0xb8, 0x00, 0x20, 0xd0, 0xb8, 0x00, 0x20, 0x2f, 0xb8, 0x00,
    0x07, 0x10, 0xb8, 0x00, 0x21, 0xd0, 0xb8, 0x00, 0x21, 0x2f, 0xb8, 0x00, 0x0e, 0x10, 0xb8, 0x00, 0x22, 0xd0, 0x00, 0xba,
    0x00, 0x21, 0x00, 0x17, 0x00, 0x0a, 0x2b, 0xba, 0x00, 0x07, 0x00, 0x0e, 0x00, 0x0a, 0x2b, 0xba, 0x00, 0x10, 0x00, 0x23,
    0x00, 0x0a, 0x2b, 0xb8, 0x00, 0x07, 0x10, 0xb8, 0x00, 0x03, 0xd0, 0xb8, 0x00, 0x0e, 0x10, 0xb8, 0x00, 0x06, 0xdc, 0xb8,
    0x00, 0x21, 0x10, 0xb8, 0x00, 0x16, 0xdc, 0xb8, 0x00, 0x19, 0xd0, 0x30, 0x31, 0x13, 0x34, 0x36, 0x3b, 0x01, 0x35, 0x33,
    0x15, 0x33, 0x32, 0x16, 0x1d, 0x01, 0x07, 0x35, 0x23, 0x11, 0x25, 0x11, 0x14, 0x06, 0x2b, 0x01, 0x15, 0x23, 0x35, 0x23,
    0x22, 0x26, 0x3d, 0x01, 0x37, 0x15, 0x33, 0x11, 0x05, 0x54, 0x63, 0x59, 0x32, 0xa1, 0x31, 0x5a, 0x65, 0xec, 0xaa, 0x01,
    0x96, 0x64, 0x5b, 0x31, 0xa1, 0x32, 0x59, 0x63, 0xe9, 0xaa, 0xfe, 0x6d, 0x04, 0x62, 0x5e, 0x67, 0x9c, 0x9c, 0x68, 0x5d,
    0x18, 0x7b, 0x7f, 0xfe, 0xd7, 0x01, 0xfe, 0x09, 0x5c, 0x66, 0xaf, 0xaf, 0x65, 0x5d, 0x1f, 0x79, 0x81, 0x01, 0x25, 0x01,
    0x00, 0x05, 0x00, 0x48, 0x00, 0x00, 0x05, 0xc3, 0x05, 0x8d, 0x00, 0x0f, 0x00, 0x13, 0x00, 0x17, 0x00, 0x27, 0x00, 0x2b,
    0x00, 0x7e, 0x40, 0x45, 0x1f, 0x18, 0x1b, 0x16, 0x0f, 0x08, 0x10, 0x0b, 0x07, 0x00, 0x27, 0x20, 0x04, 0x14, 0x12, 0x32,
    0x03, 0x10, 0x32, 0x0b, 0x14, 0x32, 0x23, 0x29, 0x0b, 0x29, 0x16, 0x32, 0x28, 0x1b, 0x23, 0x1c, 0x29, 0x03, 0x1f, 0x15,
    0x1b, 0x24, 0x18, 0x2a, 0x15, 0x14, 0x28, 0x10, 0x0b, 0x04, 0x11, 0x07, 0x2b, 0x0c, 0x03, 0x03, 0x10, 0x00, 0x15, 0x0e,
    0x1f, 0x14, 0x0e, 0x18, 0x10, 0x0e, 0x00, 0x18, 0x11, 0x0e, 0x07, 0x06, 0x2c, 0x10, 0xf4, 0xec, 0xc4, 0xd4, 0xec, 0x10,
    0xec, 0xd6, 0xee, 0x11, 0x12, 0x17, 0x39, 0x11, 0x12, 0x39, 0x39, 0x11, 0x39, 0x11, 0x12, 0x39, 0x12, 0x39, 0x39, 0x11,
    0x12, 0x17, 0x39, 0x31, 0x00, 0x2f, 0x3c, 0xee, 0xe6, 0x32, 0xd6, 0xee, 0x10, 0xee, 0xd6, 0xee, 0x11, 0x17, 0x39, 0x11,
    0x12, 0x39, 0x39, 0x11, 0x12, 0x39, 0x39, 0x30, 0x01, 0x14, 0x06, 0x2b, 0x01, 0x22, 0x26, 0x35, 0x11, 0x34, 0x36, 0x3b,
    0x01, 0x32, 0x16, 0x15, 0x07, 0x23, 0x11, 0x33, 0x05, 0x23, 0x11, 0x33, 0x17, 0x14, 0x06, 0x2b, 0x01, 0x22, 0x26, 0x35,
    0x11, 0x34, 0x36, 0x3b, 0x01, 0x32, 0x16, 0x15, 0x09, 0x01, 0x33, 0x01, 0x02, 0x7b, 0x65, 0x5a, 0xb6, 0x59, 0x65, 0x65,
    0x59, 0xb6, 0x5a, 0x65, 0xcf, 0x98, 0x98, 0x03, 0x48, 0x98, 0x98, 0xcf, 0x66, 0x59, 0xb8, 0x59, 0x66, 0x66, 0x59, 0xb8,
    0x59, 0x66, 0xfb, 0x97, 0x02, 0xaa, 0xaa, 0xfd, 0x56, 0x02, 0xf8, 0x5b, 0x66, 0x66, 0x5b, 0x01, 0xd5, 0x5a, 0x66, 0x66,
    0x5a, 0x04, 0xfe, 0x33, 0x69, 0xfe, 0x32, 0x04, 0x5b, 0x66, 0x66, 0x5b, 0x01, 0xd5, 0x5b, 0x67, 0x67, 0x5b, 0xfd, 0x6a,
    0x05, 0x8d, 0xfa, 0x73, 0x00, 0x01, 0x00, 0x56, 0x00, 0x00, 0x03, 0x12, 0x05, 0x8d, 0x00, 0x26, 0x00, 0x85, 0xb8, 0x00,
    0x07, 0x2b, 0xba, 0x00, 0x1b, 0x00, 0x03, 0x00, 0x0a, 0x2b, 0xba, 0x00, 0x21, 0x00, 0x1e, 0x00, 0x0a, 0x2b, 0xba, 0x00,
    0x07, 0x00, 0x03, 0x00, 0x1b, 0x11, 0x12, 0x39, 0xb8, 0x00, 0x03, 0x10, 0xb8, 0x00, 0x0a, 0xd0, 0xb8, 0x00, 0x04, 0x10,
    0xb8, 0x00, 0x0b, 0xd0, 0xba, 0x00, 0x15, 0x00, 0x1e, 0x00, 0x21, 0x11, 0x12, 0x39, 0xb8, 0x00, 0x15, 0x2f, 0xb8, 0x00,
    0x13, 0xdc, 0xba, 0x00, 0x14, 0x00, 0x1e, 0x00, 0x21, 0x11, 0x12, 0x39, 0xb8, 0x00, 0x1b, 0x10, 0xb8, 0x00, 0x16, 0xd0,
    0xb8, 0x00, 0x03, 0x10, 0xb8, 0x00, 0x19, 0xdc, 0xb8, 0x00, 0x15, 0x10, 0xb8, 0x00, 0x1c, 0xd0, 0xb8, 0x00, 0x13, 0x10,
    0xb8, 0x00, 0x22, 0xd0, 0xb8, 0x00, 0x21, 0x10, 0xb8, 0x00, 0x28, 0xdc, 0x00, 0xba, 0x00, 0x1b, 0x00, 0x00, 0x00, 0x0a,
    0x2b, 0xba, 0x00, 0x0f, 0x00, 0x15, 0x00, 0x0a, 0x2b, 0x30, 0x31, 0x21, 0x22, 0x26, 0x35, 0x11, 0x34, 0x36, 0x37, 0x2e,
    0x01, 0x3d, 0x01, 0x34, 0x36, 0x33, 0x21, 0x32, 0x16, 0x1d, 0x01, 0x07, 0x35, 0x23, 0x11, 0x17, 0x15, 0x07, 0x11, 0x33,
    0x35, 0x23, 0x35, 0x25, 0x15, 0x07, 0x15, 0x14, 0x06, 0x23, 0x01, 0x12, 0x59, 0x63, 0x30, 0x34, 0x34, 0x30, 0x63, 0x59,
    0x01, 0x05, 0x5a, 0x64, 0xe9, 0xad, 0x4a, 0x4a, 0xad, 0x3a, 0x01, 0x60, 0x3d, 0x64, 0x5a, 0x66, 0x5d, 0x01, 0xe3, 0x47,
    0x53, 0x12, 0x0d, 0x45, 0x3f, 0xe8, 0x5d, 0x65, 0x66, 0x5c, 0x31, 0x79, 0x8b, 0xfe, 0xee, 0x01, 0xfe, 0x01, 0xfe, 0x47,
    0x87, 0xfe, 0x03, 0xfe, 0x01, 0xa7, 0x5d, 0x66, 0x00, 0x01, 0x00, 0x5a, 0x03, 0x60, 0x01, 0x06, 0x05, 0x8d, 0x00, 0x03,
    0x00, 0x17, 0xb8, 0x00, 0x07, 0x2b, 0xba, 0x00, 0x01, 0x00, 0x00, 0x00, 0x0a, 0x2b, 0x00, 0xb8, 0x00, 0x00, 0x2f, 0xb8,
    0x00, 0x03, 0x2f, 0x30, 0x31, 0x13, 0x33, 0x11, 0x07, 0x5a, 0xac, 0xac, 0x05, 0x8d, 0xfe, 0x22, 0x4f, 0x00, 0x00, 0x00,
    0x00, 0x01, 0x00, 0x6a, 0xfe, 0xe3, 0x02, 0x00, 0x05, 0x8d, 0x00, 0x0d, 0x00, 0x2d, 0x40, 0x16, 0x0d, 0x09, 0x07, 0x00,
    0x05, 0x03, 0x07, 0x35, 0x09, 0x05, 0x35, 0x03, 0x29, 0x0e, 0x0a, 0x03, 0x06, 0x14, 0x08, 0x04, 0x00, 0x0e, 0x10, 0xd4,
    0xc4, 0x32, 0xec, 0x39, 0x39, 0x31, 0x00, 0x10, 0xf4, 0xec, 0xd4, 0xec, 0x11, 0x12, 0x39, 0x11, 0x12, 0x39, 0x30, 0x13,
    0x34, 0x36, 0x3b, 0x01, 0x15, 0x23, 0x11, 0x33, 0x15, 0x23, 0x22, 0x26, 0x35, 0x6a, 0x65, 0x5a, 0xd7, 0xc7, 0xc7, 0xd7,
    0x5a, 0x65, 0x04, 0xcb, 0x5c, 0x66, 0xc4, 0xfa, 0xdf, 0xc5, 0x66, 0x5d, 0x00, 0x01, 0x00, 0x3d, 0xfe, 0xe3, 0x01, 0xd3,
    0x05, 0x8d, 0x00, 0x0d, 0x00, 0x29, 0x40, 0x14, 0x00, 0x0a, 0x08, 0x01, 0x06, 0x35, 0x04, 0x08, 0x35, 0x0a, 0x29, 0x0e,
    0x0b, 0x04, 0x07, 0x14, 0x09, 0x05, 0x00, 0x0e, 0x10, 0xd4, 0xc4, 0x32, 0xec, 0x39, 0x39, 0x31, 0x00, 0x10, 0xf4, 0xec,
    0xd4, 0xec, 0x39, 0x11, 0x12, 0x39, 0x30, 0x01, 0x11, 0x14, 0x06, 0x2b, 0x01, 0x35, 0x33, 0x11, 0x23, 0x35, 0x33, 0x32,
    0x16, 0x01, 0xd3, 0x64, 0x5b, 0xd7, 0xc7, 0xc7, 0xd7, 0x5b, 0x64, 0x04, 0xcb, 0xfa, 0xdb, 0x5d, 0x66, 0xc5, 0x05, 0x21,
    0xc4, 0x66, 0x00, 0x00, 0x00, 0x01, 0x00, 0x3d, 0x03, 0x73, 0x02, 0x2b, 0x05, 0x8d, 0x00, 0x11, 0x00, 0x3d, 0x40, 0x24,
    0x11, 0x10, 0x0f, 0x0e, 0x0b, 0x0a, 0x09, 0x08, 0x07, 0x06, 0x05, 0x02, 0x01, 0x00, 0x0e, 0x0c, 0x03, 0x29, 0x12, 0x08,
    0x06, 0x04, 0x11, 0x02, 0x00, 0x09, 0x06, 0x15, 0x0b, 0x04, 0x0f, 0x00, 0x15, 0x0d, 0x02, 0x12, 0x10, 0xd4, 0x3c, 0xe4,
    0x32, 0xdc, 0x3c, 0xe4, 0x32, 0x11, 0x12, 0x39, 0x11, 0x12, 0x39, 0x31, 0x00, 0x10, 0xf4, 0xcc, 0x17, 0x39, 0x30, 0x13,
    0x35, 0x17, 0x35, 0x33, 0x15, 0x37, 0x15, 0x07, 0x17, 0x15, 0x27, 0x15, 0x23, 0x35, 0x07, 0x35, 0x37, 0x3d, 0xbf, 0x71,
    0xbe, 0xb4, 0xb4, 0xbe, 0x71, 0xbf, 0xb5, 0x04, 0xd7, 0x7f, 0x60, 0x97, 0x97, 0x60, 0x7f, 0x58, 0x56, 0x7f, 0x60, 0x97,
    0x97, 0x60, 0x7f, 0x56, 0x00, 0x01, 0x00, 0x5e, 0xff, 0xfe, 0x04, 0x12, 0x04, 0x4a, 0x00, 0x0b, 0x00, 0x3f, 0xb8, 0x00,
    0x07, 0x2b, 0xba, 0x00, 0x05, 0x00, 0x06, 0x00, 0x0a, 0x2b, 0xb8, 0x00, 0x05, 0x10, 0xb8, 0x00, 0x00, 0xd0, 0xb8, 0x00,
    0x06, 0x10, 0xb8, 0x00, 0x0a, 0xd0, 0x00, 0xb8, 0x00, 0x06, 0x2f, 0xb8, 0x00, 0x00, 0x2f, 0xba, 0x00, 0x02, 0x00, 0x03,
    0x00, 0x0a, 0x2b, 0xb8, 0x00, 0x03, 0x10, 0xb8, 0x00, 0x07, 0xd0, 0xb8, 0x00, 0x02, 0x10, 0xb8, 0x00, 0x09, 0xd0, 0x30,
    0x31, 0x01, 0x11, 0x21, 0x15, 0x21, 0x11, 0x07, 0x11, 0x21, 0x35, 0x21, 0x11, 0x02, 0x9c, 0x01, 0x76, 0xfe, 0x8a, 0xc7,
    0xfe, 0x89, 0x01, 0x77, 0x04, 0x4a, 0xfe, 0x1a, 0xc2, 0xfe, 0xac, 0x50, 0x01, 0xa4, 0xc2, 0x01, 0xa4, 0x00, 0x00, 0x00,
    0x00, 0x01, 0x00, 0x56, 0xff, 0x3d, 0x01, 0x3d, 0x00, 0xe7, 0x00, 0x06, 0x00, 0x21, 0x40, 0x10, 0x06, 0x03, 0x05, 0x02,
    0x03, 0x37, 0x00, 0x28, 0x02, 0x04, 0x03, 0x01, 0x01, 0x00, 0x00, 0x07, 0x10, 0xf4, 0xec, 0x39, 0x39, 0x31, 0x00, 0x2f,
    0xfc, 0xec, 0x12, 0x39, 0x11, 0x39, 0x30, 0x37, 0x33, 0x15, 0x07, 0x23, 0x35, 0x07, 0x56, 0xe7, 0x6a, 0x37, 0x46, 0xe7,
    0xe7, 0xc3, 0xc7, 0x21, 0x00, 0x01, 0x00, 0x5e, 0x01, 0x6d, 0x01, 0xf4, 0x03, 0x0a, 0x00, 0x03, 0x00, 0x15, 0x40, 0x08,
    0x02, 0x00, 0x03, 0x01, 0x04, 0x01, 0x00, 0x04, 0x10, 0xd4, 0xcc, 0x31, 0x00, 0x10, 0xd4, 0xcc, 0x39, 0x39, 0x30, 0x13,
    0x25, 0x15, 0x05, 0x5e, 0x01, 0x96, 0xfe, 0x6a, 0x02, 0x3f, 0xcb, 0xd1, 0xcc, 0x00, 0x00, 0x00, 0x00, 0x01, 0x00, 0x56,
    0x00, 0x00, 0x01, 0x3d, 0x00, 0xe7, 0x00, 0x03, 0x00, 0x12, 0x40, 0x08, 0x00, 0x28, 0x02, 0x01, 0x01, 0x00, 0x00, 0x04,
    0x10, 0xf4, 0xec, 0x31, 0x00, 0x2f, 0xec, 0x30, 0x37, 0x33, 0x15, 0x23, 0x56, 0xe7, 0xe7, 0xe7, 0xe7, 0x00, 0x00, 0x00,
    0x00, 0x01, 0xff, 0xd1, 0xff, 0x42, 0x02, 0x4c, 0x05, 0x8d, 0x00, 0x03, 0x00, 0x1a, 0x40, 0x0c, 0x00, 0x38, 0x01, 0x29,
    0x04, 0x03, 0x01, 0x04, 0x02, 0x16, 0x00, 0x04, 0x10, 0xd4, 0xec, 0x11, 0x39, 0x39, 0x31, 0x00, 0x10, 0xf4, 0xec, 0x30,
    0x07, 0x01, 0x33, 0x01, 0x2f, 0x01, 0xa6, 0xd5, 0xfe, 0x5a, 0xbe, 0x06, 0x4b, 0xf9, 0xb5, 0x00, 0x00, 0x02, 0x00, 0x54,
    0x00, 0x00, 0x02, 0xd3, 0x05, 0x8d, 0x00, 0x0f, 0x00, 0x13, 0x00, 0x3a, 0x40, 0x1e, 0x0f, 0x08, 0x10, 0x0b, 0x07, 0x00,
    0x12, 0x03, 0x10, 0x2f, 0x0b, 0x29, 0x12, 0x2f, 0x03, 0x04, 0x0b, 0x11, 0x07, 0x0c, 0x03, 0x10, 0x09, 0x00, 0x0c, 0x11,
    0x09, 0x07, 0x06, 0x14, 0x10, 0xf4, 0xec, 0xf4, 0xec, 0x39, 0x39, 0x11, 0x12, 0x39, 0x39, 0x31, 0x00, 0x2f, 0xec, 0xf4,
    0xec, 0x11, 0x12, 0x39, 0x39, 0x11, 0x12, 0x39, 0x39, 0x30, 0x25, 0x14, 0x06, 0x23, 0x21, 0x22, 0x26, 0x35, 0x11, 0x34,
    0x36, 0x33, 0x21, 0x32, 0x16, 0x15, 0x07, 0x23, 0x11, 0x33, 0x02, 0xd3, 0x65, 0x5a, 0xfe, 0xfc, 0x58, 0x64, 0x64, 0x58,
    0x01, 0x04, 0x5a, 0x65, 0xec, 0xaa, 0xaa, 0xc1, 0x5b, 0x66, 0x66, 0x5b, 0x04, 0x0c, 0x5b, 0x65, 0x66, 0x5a, 0x21, 0xfc,
    0x35, 0x00, 0x00, 0x00, 0x00, 0x01, 0x00, 0x2f, 0x00, 0x00, 0x01, 0xc9, 0x05, 0x8d, 0x00, 0x06, 0x00, 0x19, 0x40, 0x0c,
    0x02, 0x01, 0x00, 0x03, 0x03, 0x29, 0x05, 0x01, 0x04, 0x09, 0x00, 0x07, 0x10, 0xd4, 0xec, 0xc4, 0x31, 0x00, 0x2f, 0xe4,
    0x17, 0x39, 0x30, 0x13, 0x07, 0x11, 0x37, 0x33, 0x11, 0x23, 0xdf, 0xb0, 0xf2, 0xa8, 0xea, 0x04, 0x6f, 0x5b, 0x01, 0x00,
    0x79, 0xfa, 0x73, 0x00, 0x00, 0x01, 0x00, 0x56, 0x00, 0x00, 0x02, 0xd5, 0x05, 0x8d, 0x00, 0x19, 0x00, 0x41, 0x40, 0x25,
    0x17, 0x16, 0x13, 0x05, 0x02, 0x0a, 0x09, 0x06, 0x08, 0x18, 0x12, 0x0b, 0x07, 0x2f, 0x0e, 0x29, 0x18, 0x2f, 0x00, 0x0e,
    0x05, 0x08, 0x01, 0x16, 0x0f, 0x06, 0x09, 0x12, 0x00, 0x0c, 0x17, 0x08, 0x09, 0x0a, 0x01, 0x06, 0x1a, 0x10, 0xf4, 0x3c,
    0xec, 0x32, 0xf4, 0x3c, 0xec, 0x39, 0x39, 0x11, 0x12, 0x39, 0x39, 0x31, 0x00, 0x2f, 0xec, 0xf4, 0xec, 0x39, 0x39, 0x11,
    0x17, 0x39, 0x30, 0x29, 0x01, 0x11, 0x34, 0x36, 0x37, 0x25, 0x11, 0x23, 0x15, 0x07, 0x11, 0x34, 0x36, 0x33, 0x21, 0x32,
    0x16, 0x15, 0x11, 0x14, 0x06, 0x07, 0x05, 0x11, 0x21, 0x02, 0xd5, 0xfd, 0x81, 0x33, 0x40, 0x01, 0x23, 0xad, 0xe9, 0x64,
    0x58, 0x01, 0x05, 0x59, 0x65, 0x37, 0x46, 0xfe, 0xe7, 0x01, 0x96, 0x02, 0x2d, 0x48, 0x52, 0x1e, 0x92, 0x01, 0x35, 0x6f,
    0x74, 0x01, 0x04, 0x5b, 0x65, 0x66, 0x5a, 0xfe, 0xa2, 0x4b, 0x52, 0x20, 0x8f, 0xfe, 0xbe, 0x00, 0x00, 0x01, 0x00, 0x56,
    0x00, 0x00, 0x02, 0xd5, 0x05, 0x8d, 0x00, 0x20, 0x00, 0x7d, 0xb8, 0x00, 0x07, 0x2b, 0xba, 0x00, 0x0b, 0x00, 0x08, 0x00,
    0x0a, 0x2b, 0xb8, 0x00, 0x0b, 0x10, 0xb8, 0x00, 0x00, 0xdc, 0xb8, 0x00, 0x0c, 0xdc, 0xb8, 0x00, 0x0b, 0x10, 0xb8, 0x00,
    0x0e, 0xd0, 0xb8, 0x00, 0x0e, 0x2f, 0xb8, 0x00, 0x0c, 0x10, 0xb8, 0x00, 0x10, 0xd0, 0xb8, 0x00, 0x0b, 0x10, 0xb8, 0x00,
    0x12, 0xd0, 0xb8, 0x00, 0x0e, 0x10, 0xb8, 0x00, 0x13, 0xd0, 0xb8, 0x00, 0x13, 0x2f, 0xb8, 0x00, 0x08, 0x10, 0xb8, 0x00,
    0x14, 0xd0, 0xb8, 0x00, 0x00, 0x10, 0xb8, 0x00, 0x1c, 0xd0, 0xb8, 0x00, 0x01, 0x10, 0xb8, 0x00, 0x1d, 0xd0, 0x00, 0xba,
    0x00, 0x0c, 0x00, 0x04, 0x00, 0x0a, 0x2b, 0xba, 0x00, 0x19, 0x00, 0x11, 0x00, 0x0a, 0x2b, 0xba, 0x00, 0x10, 0x00, 0x0d,
    0x00, 0x0a, 0x2b, 0xba, 0x00, 0x20, 0x00, 0x0d, 0x00, 0x10, 0x11, 0x12, 0x39, 0x30, 0x31, 0x01, 0x11, 0x14, 0x06, 0x23,
    0x21, 0x22, 0x26, 0x3d, 0x01, 0x37, 0x15, 0x33, 0x11, 0x27, 0x35, 0x17, 0x35, 0x23, 0x15, 0x07, 0x35, 0x34, 0x36, 0x33,
    0x21, 0x32, 0x16, 0x15, 0x11, 0x14, 0x06, 0x07, 0x02, 0xd5, 0x65, 0x59, 0xfe, 0xfb, 0x58, 0x64, 0xe9, 0xad, 0xaa, 0xaa,
    0xad, 0xe9, 0x64, 0x58, 0x01, 0x05, 0x59, 0x65, 0x30, 0x34, 0x02, 0xf4, 0xfd, 0xcd, 0x5b, 0x66, 0x66, 0x5b, 0x78, 0x79,
    0xd1, 0x01, 0xd7, 0x01, 0xfe, 0x03, 0xf8, 0x5c, 0x77, 0xf4, 0x5b, 0x65, 0x66, 0x5a, 0xfe, 0xd3, 0x48, 0x52, 0x12, 0x00,
    0x00, 0x01, 0x00, 0x56, 0x00, 0x00, 0x02, 0xd5, 0x05, 0x8d, 0x00, 0x09, 0x00, 0x4d, 0xb8, 0x00, 0x07, 0x2b, 0xb8, 0x00,
    0x0a, 0x2f, 0xb8, 0x00, 0x02, 0x2f, 0xb8, 0x00, 0x01, 0xdc, 0xb8, 0x00, 0x0a, 0x10, 0xb8, 0x00, 0x04, 0xd0, 0xb8, 0x00,
    0x04, 0x2f, 0xb8, 0x00, 0x07, 0xdc, 0xb8, 0x00, 0x02, 0x10, 0xb8, 0x00, 0x08, 0xd0, 0xb8, 0x00, 0x01, 0x10, 0xb8, 0x00,
    0x0b, 0xdc, 0x00, 0xb8, 0x00, 0x05, 0x2f, 0xb8, 0x00, 0x01, 0x2f, 0xba, 0x00, 0x08, 0x00, 0x03, 0x00, 0x0a, 0x2b, 0xba,
    0x00, 0x00, 0x00, 0x01, 0x00, 0x05, 0x11, 0x12, 0x39, 0x30, 0x31, 0x01, 0x11, 0x23, 0x11, 0x21, 0x11, 0x33, 0x11, 0x17,
    0x11, 0x02, 0xd5, 0xe7, 0xfe, 0x68, 0xe7, 0xb1, 0x04, 0x8b, 0xfb, 0x75, 0x02, 0x00, 0x03, 0x8d, 0xfd, 0x74, 0x01, 0x01,
    0x10, 0x00, 0x00, 0x00, 0x00, 0x01, 0x00, 0x54, 0x00, 0x00, 0x02, 0xd3, 0x05, 0x8d, 0x00, 0x13, 0x00, 0x5f, 0xb8, 0x00,
    0x07, 0x2b, 0xb8, 0x00, 0x14, 0x2f, 0xb8, 0x00, 0x11, 0x2f, 0xb8, 0x00, 0x14, 0x10, 0xb8, 0x00, 0x00, 0xd0, 0xb8, 0x00,
    0x00, 0x2f, 0xb8, 0x00, 0x11, 0x10, 0xb8, 0x00, 0x06, 0xdc, 0xb8, 0x00, 0x01, 0xd0, 0xb8, 0x00, 0x00, 0x10, 0xb8, 0x00,
    0x03, 0xdc, 0xb8, 0x00, 0x00, 0x10, 0xb8, 0x00, 0x0d, 0xd0, 0xb8, 0x00, 0x03, 0x10, 0xb8, 0x00, 0x0f, 0xd0, 0xb8, 0x00,
    0x06, 0x10, 0xb8, 0x00, 0x15, 0xdc, 0x00, 0xba, 0x00, 0x11, 0x00, 0x09, 0x00, 0x0a, 0x2b, 0xba, 0x00, 0x01, 0x00, 0x02,
    0x00, 0x0a, 0x2b, 0xba, 0x00, 0x05, 0x00, 0x12, 0x00, 0x0a, 0x2b, 0x30, 0x31, 0x13, 0x21, 0x15, 0x21, 0x11, 0x05, 0x11,
    0x14, 0x06, 0x2b, 0x01, 0x22, 0x26, 0x3d, 0x01, 0x37, 0x15, 0x33, 0x11, 0x25, 0x54, 0x02, 0x7f, 0xfe, 0x6a, 0x01, 0x96,
    0x63, 0x66, 0xfa, 0x59, 0x63, 0xe9, 0xaa, 0xfe, 0x6d, 0x05, 0x8d, 0xe3, 0xfe, 0xd6, 0x01, 0xfd, 0x44, 0x63, 0x60, 0x66,
    0x5d, 0x33, 0x79, 0x8e, 0x01, 0xd3, 0x01, 0x00, 0x00, 0x02, 0x00, 0x54, 0x00, 0x00, 0x02, 0xd3, 0x05, 0x8d, 0x00, 0x03,
    0x00, 0x19, 0x00, 0x5b, 0xb8, 0x00, 0x07, 0x2b, 0xb8, 0x00, 0x1a, 0x2f, 0xb8, 0x00, 0x02, 0x2f, 0xb8, 0x00, 0x1a, 0x10,
    0xb8, 0x00, 0x07, 0xd0, 0xb8, 0x00, 0x07, 0x2f, 0xb8, 0x00, 0x01, 0xdc, 0xb8, 0x00, 0x02, 0x10, 0xb8, 0x00, 0x16, 0xdc,
    0xb8, 0x00, 0x0f, 0xd0, 0xb8, 0x00, 0x02, 0x10, 0xb8, 0x00, 0x11, 0xd0, 0xb8, 0x00, 0x01, 0x10, 0xb8, 0x00, 0x13, 0xd0,
    0xb8, 0x00, 0x16, 0x10, 0xb8, 0x00, 0x1b, 0xdc, 0x00, 0xba, 0x00, 0x01, 0x00, 0x04, 0x00, 0x0a, 0x2b, 0xba, 0x00, 0x0c,
    0x00, 0x12, 0x00, 0x0a, 0x2b, 0xba, 0x00, 0x14, 0x00, 0x00, 0x00, 0x0a, 0x2b, 0x30, 0x31, 0x01, 0x11, 0x33, 0x11, 0x03,
    0x22, 0x26, 0x35, 0x11, 0x34, 0x36, 0x33, 0x21, 0x32, 0x16, 0x1d, 0x01, 0x07, 0x35, 0x23, 0x11, 0x21, 0x11, 0x14, 0x06,
    0x23, 0x01, 0x3d, 0xaa, 0xd7, 0x59, 0x63, 0x63, 0x59, 0x01, 0x04, 0x5b, 0x64, 0xec, 0xaa, 0x01, 0x96, 0x64, 0x5b, 0x02,
    0x08, 0xfe, 0xd9, 0x01, 0x28, 0xfd, 0xf7, 0x66, 0x5d, 0x04, 0x08, 0x5d, 0x65, 0x66, 0x5c, 0x69, 0x79, 0xc3, 0xfe, 0x52,
    0xfd, 0xc5, 0x5d, 0x66, 0x00, 0x01, 0x00, 0x19, 0x00, 0x00, 0x02, 0x9e, 0x05, 0x8d, 0x00, 0x08, 0x00, 0x1c, 0x40, 0x0d,
    0x04, 0x2f, 0x06, 0x29, 0x01, 0x04, 0x02, 0x07, 0x00, 0x09, 0x05, 0x02, 0x09, 0x10, 0xd4, 0xc4, 0xfc, 0xc4, 0x12, 0x39,
    0x31, 0x00, 0x2f, 0xf4, 0xec, 0x30, 0x01, 0x11, 0x23, 0x11, 0x13, 0x21, 0x35, 0x21, 0x15, 0x01, 0xb8, 0xe7, 0xbc, 0xfe,
    0x8c, 0x02, 0x85, 0x02, 0x50, 0xfd, 0xb0, 0x02, 0x6d, 0x02, 0x3d, 0xe3, 0x8d, 0x00, 0x00, 0x00, 0x00, 0x03, 0x00, 0x56,
    0x00, 0x00, 0x02, 0xd5, 0x05, 0x8d, 0x00, 0x03, 0x00, 0x1d, 0x00, 0x21, 0x00, 0x51, 0x40, 0x2f, 0x12, 0x19, 0x15, 0x21,
    0x1e, 0x1a, 0x10, 0x0d, 0x02, 0x01, 0x04, 0x08, 0x1f, 0x0c, 0x05, 0x08, 0x00, 0x1f, 0x2f, 0x15, 0x29, 0x00, 0x2f, 0x08,
    0x10, 0x09, 0x15, 0x03, 0x0c, 0x02, 0x1d, 0x16, 0x08, 0x03, 0x1e, 0x00, 0x09, 0x19, 0x04, 0x0c, 0x20, 0x02, 0x09, 0x11,
    0x0c, 0x06, 0x22, 0x10, 0xf4, 0x3c, 0xec, 0x32, 0xf4, 0x3c, 0xec, 0x32, 0x17, 0x39, 0x11, 0x12, 0x17, 0x39, 0x31, 0x00,
    0x2f, 0xec, 0xf4, 0xec, 0x11, 0x12, 0x39, 0x39, 0x12, 0x17, 0x39, 0x11, 0x39, 0x39, 0x30, 0x25, 0x11, 0x07, 0x11, 0x01,
    0x11, 0x14, 0x06, 0x23, 0x21, 0x22, 0x26, 0x35, 0x11, 0x34, 0x36, 0x37, 0x23, 0x11, 0x34, 0x36, 0x33, 0x21, 0x32, 0x16,
    0x15, 0x11, 0x14, 0x06, 0x07, 0x27, 0x11, 0x23, 0x11, 0x01, 0xee, 0xb1, 0x01, 0x98, 0x65, 0x59, 0xfe, 0xfb, 0x58, 0x64,
    0x30, 0x34, 0x64, 0x64, 0x58, 0x01, 0x05, 0x59, 0x65, 0x30, 0x34, 0x83, 0xb1, 0xe1, 0x01, 0x9e, 0x58, 0xfe, 0xba, 0x01,
    0xe4, 0xfd, 0xfc, 0x5b, 0x66, 0x66, 0x5b, 0x01, 0x6c, 0x48, 0x52, 0x12, 0x01, 0xf4, 0x5b, 0x65, 0x66, 0x5a, 0xfe, 0xa2,
    0x47, 0x51, 0x12, 0xac, 0x01, 0x3b, 0xfe, 0x6f, 0x00, 0x02, 0x00, 0x54, 0x00, 0x00, 0x02, 0xd3, 0x05, 0x8d, 0x00, 0x03,
    0x00, 0x19, 0x00, 0x5f, 0xb8, 0x00, 0x07, 0x2b, 0xb8, 0x00, 0x1a, 0x2f, 0xb8, 0x00, 0x01, 0x2f, 0xb8, 0x00, 0x1a, 0x10,
    0xb8, 0x00, 0x04, 0xd0, 0xb8, 0x00, 0x04, 0x2f, 0xb8, 0x00, 0x02, 0xdc, 0xb8, 0x00, 0x01, 0x10, 0xb8, 0x00, 0x0b, 0xdc,
    0xb8, 0x00, 0x04, 0x10, 0xb8, 0x00, 0x13, 0xd0, 0xb8, 0x00, 0x02, 0x10, 0xb8, 0x00, 0x15, 0xd0, 0xb8, 0x00, 0x01, 0x10,
    0xb8, 0x00, 0x17, 0xd0, 0xb8, 0x00, 0x0b, 0x10, 0xb8, 0x00, 0x1b, 0xdc, 0x00, 0xba, 0x00, 0x17, 0x00, 0x0f, 0x00, 0x0a,
    0x2b, 0xba, 0x00, 0x08, 0x00, 0x01, 0x00, 0x0a, 0x2b, 0xba, 0x00, 0x03, 0x00, 0x18, 0x00, 0x0a, 0x2b, 0x30, 0x31, 0x01,
    0x11, 0x23, 0x11, 0x03, 0x34, 0x36, 0x33, 0x21, 0x32, 0x16, 0x15, 0x11, 0x14, 0x06, 0x23, 0x21, 0x22, 0x26, 0x3d, 0x01,
    0x37, 0x15, 0x33, 0x11, 0x25, 0x01, 0xe7, 0xaa, 0xe9, 0x64, 0x58, 0x01, 0x04, 0x5a, 0x65, 0x65, 0x5a, 0xfe, 0xfc, 0x58,
    0x64, 0xe9, 0xaa, 0xfe, 0x6d, 0x03, 0x89, 0x01, 0x23, 0xfe, 0xdc, 0x01, 0x45, 0x5b, 0x65, 0x66, 0x5a, 0xfb, 0xf4, 0x5b,
    0x66, 0x66, 0x5b, 0x6a, 0x79, 0xc3, 0x01, 0xaa, 0x01, 0x00, 0x00, 0x00, 0x00, 0x02, 0x00, 0x5e, 0x00, 0x00, 0x01, 0x48,
    0x03, 0xb2, 0x00, 0x03, 0x00, 0x07, 0x00, 0x1c, 0x40, 0x0e, 0x02, 0x28, 0x00, 0x3b, 0x04, 0x28, 0x06, 0x05, 0x01, 0x01,
    0x04, 0x00, 0x00, 0x08, 0x10, 0xf4, 0x3c, 0xec, 0x32, 0x31, 0x00, 0x2f, 0xec, 0xf4, 0xec, 0x30, 0x13, 0x33, 0x15, 0x23,
    0x11, 0x33, 0x15, 0x23, 0x5e, 0xea, 0xea, 0xea, 0xea, 0x03, 0xb2, 0xe9, 0xfe, 0x1e, 0xe7, 0x00, 0x00, 0x02, 0x00, 0x5d,
    0xff, 0x3d, 0x01, 0x48, 0x03, 0xb2, 0x00, 0x03, 0x00, 0x07, 0x00, 0x3f, 0xb8, 0x00, 0x07, 0x2b, 0xba, 0x00, 0x06, 0x00,
    0x07, 0x00, 0x0a, 0x2b, 0xb8, 0x00, 0x07, 0x10, 0xb8, 0x00, 0x00, 0xd0, 0xb8, 0x00, 0x00, 0x2f, 0xb8, 0x00, 0x06, 0x10,
    0xb8, 0x00, 0x01, 0xd0, 0xb8, 0x00, 0x06, 0x10, 0xb8, 0x00, 0x09, 0xdc, 0x00, 0xb8, 0x00, 0x07, 0x2f, 0xba, 0x00, 0x01,
    0x00, 0x02, 0x00, 0x0a, 0x2b, 0xba, 0x00, 0x03, 0x00, 0x04, 0x00, 0x0a, 0x2b, 0x30, 0x31, 0x13, 0x33, 0x15, 0x23, 0x11,
    0x33, 0x15, 0x07, 0x5e, 0xea, 0xea, 0xea, 0xeb, 0x03, 0xb2, 0xe9, 0xfe, 0x1e, 0xe7, 0xc3, 0x00, 0x00, 0x02, 0x00, 0x5e,
    0x00, 0xe3, 0x04, 0x12, 0x03, 0x2b, 0x00, 0x03, 0x00, 0x07, 0x00, 0x1c, 0x40, 0x0d, 0x00, 0x36, 0x01, 0x05, 0x36, 0x04,
    0x08, 0x04, 0x00, 0x17, 0x06, 0x02, 0x08, 0x10, 0xd4, 0x3c, 0xec, 0x32, 0x31, 0x00, 0x10, 0xd4, 0xec, 0xd4, 0xec, 0x30,
    0x01, 0x15, 0x21, 0x35, 0x01, 0x15, 0x21, 0x35, 0x04, 0x12, 0xfc, 0x4c, 0x03, 0xb4, 0xfc, 0x4c, 0x01, 0xa4, 0xc1, 0xc1,
    0x01, 0x87, 0xc1, 0xc1, 0x00, 0x02, 0x00, 0x46, 0x00, 0x00, 0x02, 0xc5, 0x05, 0x8d, 0x00, 0x14, 0x00, 0x18, 0x00, 0x47,
    0x40, 0x27, 0x14, 0x13, 0x10, 0x0f, 0x0c, 0x0b, 0x08, 0x07, 0x0d, 0x07, 0x00, 0x11, 0x33, 0x03, 0x0d, 0x15, 0x28, 0x03,
    0x29, 0x17, 0x0b, 0x04, 0x0c, 0x07, 0x03, 0x00, 0x15, 0x0e, 0x01, 0x0c, 0x10, 0x11, 0x07, 0x16, 0x0c, 0x12, 0x11, 0x00,
    0x19, 0x10, 0xd4, 0xec, 0xc4, 0x32, 0xd4, 0xec, 0x10, 0xee, 0x32, 0x11, 0x39, 0x11, 0x12, 0x39, 0x39, 0x31, 0x00, 0x2f,
    0xe6, 0xfe, 0xcd, 0x10, 0xee, 0x39, 0x39, 0x11, 0x17, 0x39, 0x30, 0x13, 0x34, 0x36, 0x33, 0x21, 0x32, 0x16, 0x15, 0x11,
    0x14, 0x06, 0x0f, 0x01, 0x11, 0x23, 0x11, 0x37, 0x11, 0x23, 0x15, 0x07, 0x13, 0x33, 0x15, 0x23, 0x46, 0x62, 0x5a, 0x01,
    0x04, 0x5a, 0x65, 0x3f, 0x4f, 0x3d, 0xea, 0xc9, 0xaa, 0xe9, 0xca, 0xea, 0xea, 0x04, 0xcb, 0x5d, 0x65, 0x66, 0x5c, 0xfe,
    0xdb, 0x50, 0x60, 0x27, 0x1f, 0xfe, 0x7f, 0x02, 0x06, 0x69, 0x01, 0x0e, 0x85, 0x79, 0xfd, 0x39, 0xe7, 0x00, 0x00, 0x00,
    0x00, 0x02, 0x00, 0x56, 0x00, 0x00, 0x02, 0xd5, 0x05, 0x8d, 0x00, 0x03, 0x00, 0x11, 0x00, 0x4f, 0xb8, 0x00, 0x07, 0x2b,
    0xb8, 0x00, 0x12, 0x2f, 0xb8, 0x00, 0x01, 0x2f, 0xb8, 0x00, 0x12, 0x10, 0xb8, 0x00, 0x09, 0xd0, 0xb8, 0x00, 0x09, 0x2f,
    0xb8, 0x00, 0x08, 0xdc, 0xb8, 0x00, 0x02, 0xd0, 0xb8, 0x00, 0x01, 0x10, 0xb8, 0x00, 0x05, 0xd0, 0xb8, 0x00, 0x01, 0x10,
    0xb8, 0x00, 0x11, 0xdc, 0xb8, 0x00, 0x13, 0xdc, 0x00, 0xb8, 0x00, 0x04, 0x2f, 0xb8, 0x00, 0x08, 0x2f, 0xba, 0x00, 0x0e,
    0x00, 0x01, 0x00, 0x0a, 0x2b, 0xba, 0x00, 0x03, 0x00, 0x07, 0x00, 0x0a, 0x2b, 0x30, 0x31, 0x01, 0x13, 0x23, 0x11, 0x01,
    0x23, 0x11, 0x07, 0x11, 0x23, 0x11, 0x34, 0x36, 0x33, 0x21, 0x32, 0x16, 0x15, 0x01, 0xeb, 0x01, 0xad, 0x01, 0x96, 0xe9,
    0xad, 0xe9, 0x63, 0x59, 0x01, 0x05, 0x59, 0x65, 0x03, 0x01, 0x01, 0xab, 0xfe, 0x54, 0xfd, 0x00, 0x02, 0x03, 0x01, 0xfd,
    0xfe, 0x04, 0xcb, 0x5c, 0x66, 0x66, 0x5c, 0x00, 0x00, 0x03, 0x00, 0x56, 0x00, 0x00, 0x02, 0xd5, 0x05, 0x8d, 0x00, 0x03,
    0x00, 0x12, 0x00, 0x16, 0x00, 0x6f, 0xb8, 0x00, 0x07, 0x2b, 0xb8, 0x00, 0x17, 0x2f, 0xb8, 0x00, 0x00, 0x2f, 0xb8, 0x00,
    0x17, 0x10, 0xb8, 0x00, 0x09, 0xd0, 0xb8, 0x00, 0x09, 0x2f, 0xb8, 0x00, 0x03, 0xdc, 0xb8, 0x00, 0x00, 0x10, 0xb8, 0x00,
    0x05, 0xdc, 0xb8, 0x00, 0x0e, 0xd0, 0xba, 0x00, 0x12, 0x00, 0x00, 0x00, 0x05, 0x11, 0x12, 0x39, 0xb8, 0x00, 0x00, 0x10,
    0xb8, 0x00, 0x13, 0xd0, 0xb8, 0x00, 0x03, 0x10, 0xb8, 0x00, 0x15, 0xd0, 0xb8, 0x00, 0x05, 0x10, 0xb8, 0x00, 0x18, 0xdc,
    0x00, 0xba, 0x00, 0x00, 0x00, 0x08, 0x00, 0x0a, 0x2b, 0xba, 0x00, 0x0b, 0x00, 0x14, 0x00, 0x0a, 0x2b, 0xba, 0x00, 0x13,
    0x00, 0x01, 0x00, 0x0a, 0x2b, 0xba, 0x00, 0x12, 0x00, 0x01, 0x00, 0x13, 0x11, 0x12, 0x39, 0x30, 0x31, 0x25, 0x11, 0x23,
    0x11, 0x01, 0x11, 0x14, 0x06, 0x23, 0x21, 0x11, 0x21, 0x32, 0x16, 0x15, 0x11, 0x14, 0x06, 0x07, 0x27, 0x11, 0x23, 0x11,
    0x01, 0xf4, 0xbd, 0x01, 0x9e, 0x67, 0x6a, 0xfe, 0x52, 0x01, 0xc1, 0x5a, 0x64, 0x30, 0x34, 0x7d, 0xbd, 0xdd, 0x01, 0x6b,
    0xfe, 0x95, 0x02, 0x17, 0xfd, 0xd1, 0x64, 0x61, 0x05, 0x8d, 0x66, 0x5c, 0xfe, 0xd5, 0x48, 0x52, 0x12, 0x43, 0x01, 0x7b,
    0xfe, 0x85, 0x00, 0x00, 0x00, 0x01, 0x00, 0x54, 0x00, 0x00, 0x02, 0xd3, 0x05, 0x8d, 0x00, 0x17, 0x00, 0x4e, 0x40, 0x28,
    0x17, 0x10, 0x13, 0x0e, 0x0c, 0x09, 0x08, 0x0f, 0x07, 0x00, 0x0a, 0x03, 0x0f, 0x0c, 0x0a, 0x33, 0x03, 0x29, 0x0c, 0x33,
    0x13, 0x04, 0x13, 0x09, 0x07, 0x14, 0x03, 0x0b, 0x00, 0x0d, 0x09, 0x11, 0x0f, 0x07, 0x0c, 0x0b, 0x11, 0x00, 0x0f, 0x18,
    0x10, 0xf4, 0xec, 0xf4, 0x3c, 0xec, 0x32, 0x11, 0x12, 0x39, 0x39, 0x11, 0x12, 0x39, 0x39, 0x31, 0x00, 0x2f, 0xec, 0xf4,
    0xec, 0x10, 0xc4, 0x11, 0x12, 0x39, 0x39, 0x11, 0x39, 0x39, 0x12, 0x39, 0x11, 0x39, 0x39, 0x30, 0x13, 0x34, 0x36, 0x33,
    0x21, 0x32, 0x16, 0x1d, 0x01, 0x07, 0x11, 0x23, 0x11, 0x33, 0x35, 0x37, 0x11, 0x14, 0x06, 0x23, 0x21, 0x22, 0x26, 0x35,
    0x54, 0x63, 0x59, 0x01, 0x04, 0x5a, 0x65, 0xec, 0xaa, 0xaa, 0xec, 0x64, 0x5b, 0xfe, 0xfc, 0x59, 0x63, 0x04, 0xcb, 0x5c,
    0x66, 0x66, 0x5c, 0xb9, 0x76, 0x01, 0x10, 0xfc, 0x35, 0xc9, 0x79, 0xfe, 0xa0, 0x5d, 0x66, 0x66, 0x5d, 0x00, 0x00, 0x00,
    0x00, 0x02, 0x00, 0x56, 0x00, 0x00, 0x02, 0xd5, 0x05, 0x8d, 0x00, 0x09, 0x00, 0x0d, 0x00, 0x2a, 0x40, 0x16, 0x04, 0x0c,
    0x07, 0x03, 0x0a, 0x33, 0x00, 0x29, 0x0c, 0x33, 0x07, 0x07, 0x00, 0x0a, 0x11, 0x03, 0x0c, 0x0b, 0x11, 0x08, 0x0f, 0x0e,
    0x10, 0xf4, 0xec, 0xf4, 0xec, 0x39, 0x39, 0x31, 0x00, 0x2f, 0xec, 0xf4, 0xec, 0x39, 0x11, 0x12, 0x39, 0x30, 0x01, 0x32,
    0x16, 0x15, 0x11, 0x14, 0x06, 0x23, 0x21, 0x11, 0x05, 0x23, 0x11, 0x33, 0x02, 0x17, 0x59, 0x65, 0x64, 0x5a, 0xfe, 0x3f,
    0x01, 0x96, 0xad, 0xad, 0x05, 0x8d, 0x66, 0x5c, 0xfb, 0xf8, 0x5d, 0x66, 0x05, 0x8d, 0xe1, 0xfc, 0x35, 0x00, 0x00, 0x00,
    0x00, 0x01, 0x00, 0x56, 0x00, 0x00, 0x02, 0x89, 0x05, 0x8d, 0x00, 0x0b, 0x00, 0x37, 0xb8, 0x00, 0x07, 0x2b, 0xba, 0x00,
    0x0a, 0x00, 0x01, 0x00, 0x0a, 0x2b, 0xb8, 0x00, 0x0a, 0x10, 0xb8, 0x00, 0x05, 0xd0, 0xb8, 0x00, 0x01, 0x10, 0xb8, 0x00,
    0x08, 0xdc, 0x00, 0xba, 0x00, 0x0b, 0x00, 0x00, 0x00, 0x0a, 0x2b, 0xba, 0x00, 0x03, 0x00, 0x04, 0x00, 0x0a, 0x2b, 0xba,
    0x00, 0x07, 0x00, 0x08, 0x00, 0x0a, 0x2b, 0x30, 0x31, 0x29, 0x01, 0x11, 0x21, 0x15, 0x21, 0x1f, 0x01, 0x15, 0x23, 0x03,
    0x21, 0x02, 0x89, 0xfd, 0xcd, 0x02, 0x33, 0xfe, 0xb6, 0x01, 0xfc, 0xfc, 0x01, 0x01, 0x4a, 0x05, 0x8d, 0xe3, 0xfa, 0x02,
    0xfe, 0xfe, 0x33, 0x00, 0x00, 0x01, 0x00, 0x56, 0x00, 0x00, 0x02, 0x89, 0x05, 0x8d, 0x00, 0x09, 0x00, 0x33, 0xb8, 0x00,
    0x07, 0x2b, 0xba, 0x00, 0x09, 0x00, 0x00, 0x00, 0x0a, 0x2b, 0xb8, 0x00, 0x09, 0x10, 0xb8, 0x00, 0x04, 0xd0, 0xb8, 0x00,
    0x00, 0x10, 0xb8, 0x00, 0x07, 0xdc, 0x00, 0xb8, 0x00, 0x00, 0x2f, 0xba, 0x00, 0x02, 0x00, 0x03, 0x00, 0x0a, 0x2b, 0xba,
    0x00, 0x05, 0x00, 0x08, 0x00, 0x0a, 0x2b, 0x30, 0x31, 0x33, 0x11, 0x21, 0x15, 0x21, 0x11, 0x37, 0x15, 0x07, 0x11, 0x56,
    0x02, 0x33, 0xfe, 0xb6, 0xe8, 0xe8, 0x05, 0x8d, 0xe3, 0xff, 0x00, 0x03, 0xfe, 0x05, 0xfd, 0x56, 0x00, 0x01, 0x00, 0x54,
    0x00, 0x00, 0x02, 0xd3, 0x05, 0x8d, 0x00, 0x16, 0x00, 0x43, 0xb8, 0x00, 0x07, 0x2b, 0xba, 0x00, 0x0b, 0x00, 0x00, 0x00,
    0x0a, 0x2b, 0xba, 0x00, 0x11, 0x00, 0x10, 0x00, 0x0a, 0x2b, 0xb8, 0x00, 0x11, 0x10, 0xb8, 0x00, 0x07, 0xd0, 0xb8, 0x00,
    0x11, 0x10, 0xb8, 0x00, 0x09, 0xdc, 0xb8, 0x00, 0x0d, 0xd0, 0xb8, 0x00, 0x11, 0x10, 0xb8, 0x00, 0x18, 0xdc, 0x00, 0xba,
    0x00, 0x0d, 0x00, 0x13, 0x00, 0x0a, 0x2b, 0xba, 0x00, 0x04, 0x00, 0x0a, 0x00, 0x0a, 0x2b, 0x30, 0x31, 0x13, 0x34, 0x36,
    0x33, 0x21, 0x32, 0x16, 0x1d, 0x01, 0x07, 0x11, 0x23, 0x11, 0x33, 0x11, 0x07, 0x11, 0x05, 0x11, 0x21, 0x22, 0x26, 0x35,
    0x54, 0x63, 0x59, 0x01, 0x04, 0x5a, 0x65, 0xec, 0xaa, 0xaa, 0x5e, 0x01, 0x4a, 0xfe, 0x3d, 0x59, 0x63, 0x04, 0xcb, 0x5c,
    0x66, 0x66, 0x5c, 0xcb, 0x77, 0x01, 0x23, 0xfc, 0x35, 0x01, 0x11, 0x02, 0x01, 0x00, 0x01, 0xfd, 0x11, 0x66, 0x5d, 0x00,
    0x00, 0x01, 0x00, 0x56, 0x00, 0x00, 0x02, 0xd5, 0x05, 0x8d, 0x00, 0x0b, 0x00, 0x4f, 0xb8, 0x00, 0x07, 0x2b, 0xb8, 0x00,
    0x0c, 0x2f, 0xb8, 0x00, 0x02, 0x2f, 0xb8, 0x00, 0x01, 0xdc, 0xb8, 0x00, 0x0c, 0x10, 0xb8, 0x00, 0x06, 0xd0, 0xb8, 0x00,
    0x06, 0x2f, 0xb8, 0x00, 0x05, 0xdc, 0xb8, 0x00, 0x08, 0xd0, 0xb8, 0x00, 0x02, 0x10, 0xb8, 0x00, 0x0a, 0xd0, 0xb8, 0x00,
    0x01, 0x10, 0xb8, 0x00, 0x0d, 0xdc, 0x00, 0xb8, 0x00, 0x00, 0x2f, 0xb8, 0x00, 0x07, 0x2f, 0xb8, 0x00, 0x01, 0x2f, 0xb8,
    0x00, 0x05, 0x2f, 0xba, 0x00, 0x09, 0x00, 0x04, 0x00, 0x0a, 0x2b, 0x30, 0x31, 0x01, 0x11, 0x23, 0x11, 0x07, 0x11, 0x23,
    0x11, 0x33, 0x11, 0x33, 0x11, 0x02, 0xd5, 0xe7, 0xb1, 0xe7, 0xe7, 0xb1, 0x05, 0x8d, 0xfa, 0x73, 0x02, 0xf9, 0x01, 0xfd,
    0x08, 0x05, 0x8d, 0xfe, 0x6a, 0x01, 0x96, 0x00, 0x00, 0x01, 0x00, 0x56, 0x00, 0x00, 0x01, 0x3f, 0x05, 0x8d, 0x00, 0x03,
    0x00, 0x12, 0x40, 0x08, 0x02, 0x29, 0x00, 0x00, 0x11, 0x01, 0x0f, 0x04, 0x10, 0xf4, 0xec, 0x31, 0x00, 0x2f, 0xe4, 0x30,
    0x21, 0x23, 0x11, 0x33, 0x01, 0x3f, 0xe9, 0xe9, 0x05, 0x8d, 0x00, 0x00, 0x00, 0x01, 0x00, 0x23, 0x00, 0x00, 0x02, 0xa4,
    0x05, 0x8d, 0x00, 0x0d, 0x00, 0x33, 0x40, 0x1a, 0x04, 0x05, 0x0a, 0x03, 0x00, 0x05, 0x06, 0x33, 0x08, 0x29, 0x00, 0x0d,
    0x09, 0x07, 0x00, 0x05, 0x03, 0x07, 0x11, 0x09, 0x0c, 0x05, 0x11, 0x03, 0x19, 0x0e, 0x10, 0xf4, 0xec, 0xf4, 0xec, 0x11,
    0x12, 0x39, 0x11, 0x12, 0x39, 0x31, 0x00, 0x2f, 0xe4, 0xfc, 0xc4, 0x12, 0x39, 0x39, 0x12, 0x39, 0x30, 0x33, 0x22, 0x26,
    0x3d, 0x01, 0x37, 0x11, 0x33, 0x11, 0x33, 0x11, 0x14, 0x06, 0x23, 0xe1, 0x5a, 0x64, 0xeb, 0xaa, 0xec, 0x64, 0x5b, 0x66,
    0x5d, 0xf1, 0x77, 0xfe, 0xb6, 0x04, 0xac, 0xfb, 0x36, 0x5d, 0x66, 0x00, 0x00, 0x01, 0x00, 0x56, 0x00, 0x00, 0x03, 0x60,
    0x05, 0x8d, 0x00, 0x0b, 0x00, 0x27, 0x40, 0x14, 0x0a, 0x04, 0x05, 0x02, 0x29, 0x08, 0x00, 0x0a, 0x09, 0x07, 0x05, 0x04,
    0x06, 0x08, 0x03, 0x00, 0x11, 0x01, 0x0f, 0x0c, 0x10, 0xf4, 0xfc, 0x3c, 0xc4, 0xc4, 0x17, 0x39, 0x31, 0x00, 0x2f, 0x3c,
    0xe4, 0x32, 0x39, 0x39, 0x30, 0x21, 0x23, 0x11, 0x33, 0x11, 0x13, 0x33, 0x09, 0x01, 0x23, 0x03, 0x07, 0x01, 0x3d, 0xe7,
    0xe7, 0xea, 0xf6, 0xfe, 0xf1, 0x01, 0x52, 0xf3, 0xde, 0x52, 0x05, 0x8d, 0xfd, 0xf6, 0x02, 0x0a, 0xfd, 0xac, 0xfc, 0xc7,
    0x02, 0x56, 0xc0, 0x00, 0x00, 0x01, 0x00, 0x56, 0x00, 0x00, 0x02, 0x77, 0x05, 0x8d, 0x00, 0x05, 0x00, 0x18, 0x40, 0x0c,
    0x00, 0x33, 0x03, 0x29, 0x01, 0x00, 0x18, 0x04, 0x11, 0x02, 0x0f, 0x06, 0x10, 0xf4, 0xfc, 0xe4, 0x31, 0x00, 0x2f, 0xe4,
    0xec, 0x30, 0x25, 0x15, 0x21, 0x11, 0x33, 0x11, 0x02, 0x77, 0xfd, 0xdf, 0xe9, 0xe3, 0xe3, 0x05, 0x8d, 0xfb, 0x56, 0x00,
    0x00, 0x01, 0x00, 0x56, 0x00, 0x00, 0x04, 0x66, 0x05, 0x8d, 0x00, 0x18, 0x00, 0x49, 0x40, 0x27, 0x14, 0x0d, 0x06, 0x03,
    0x17, 0x02, 0x33, 0x10, 0x09, 0x29, 0x15, 0x04, 0x00, 0x11, 0x16, 0x14, 0x09, 0x05, 0x0a, 0x03, 0x01, 0x10, 0x16, 0x0d,
    0x01, 0x00, 0x16, 0x11, 0x14, 0x1a, 0x01, 0x11, 0x00, 0x1a, 0x03, 0x11, 0x05, 0x0f, 0x19, 0x10, 0xf4, 0xec, 0xf4, 0xfc,
    0xf4, 0xec, 0x11, 0x12, 0x39, 0x12, 0x39, 0x11, 0x12, 0x39, 0x11, 0x39, 0x11, 0x12, 0x39, 0x31, 0x00, 0x2f, 0x3c, 0x3c,
    0xf4, 0x3c, 0xec, 0x32, 0x17, 0x39, 0x30, 0x21, 0x23, 0x11, 0x23, 0x11, 0x23, 0x11, 0x34, 0x36, 0x3b, 0x01, 0x32, 0x16,
    0x15, 0x34, 0x36, 0x3b, 0x01, 0x32, 0x16, 0x15, 0x11, 0x23, 0x11, 0x23, 0x02, 0xd1, 0xe5, 0xad, 0xe9, 0x63, 0x59, 0xc5,
    0x40, 0x47, 0x46, 0x3f, 0xc5, 0x59, 0x65, 0xeb, 0xaa, 0x04, 0xaa, 0xfb, 0x56, 0x04, 0xcb, 0x5c, 0x66, 0x48, 0x41, 0x42,
    0x47, 0x66, 0x5c, 0xfb, 0x35, 0x04, 0xaa, 0x00, 0x00, 0x01, 0x00, 0x58, 0x00, 0x00, 0x02, 0xd5, 0x05, 0x8d, 0x00, 0x0f,
    0x00, 0x2d, 0x40, 0x17, 0x0b, 0x04, 0x0e, 0x33, 0x07, 0x02, 0x29, 0x0c, 0x00, 0x08, 0x0b, 0x07, 0x00, 0x0d, 0x11, 0x0b,
    0x0c, 0x03, 0x00, 0x11, 0x01, 0x0f, 0x10, 0x10, 0xf4, 0xec, 0x32, 0xf4, 0xec, 0x11, 0x39, 0x11, 0x39, 0x31, 0x00, 0x2f,
    0x3c, 0xf4, 0x3c, 0xec, 0x39, 0x39, 0x30, 0x21, 0x23, 0x11, 0x33, 0x17, 0x3e, 0x01, 0x3b, 0x01, 0x32, 0x16, 0x15, 0x11,
    0x23, 0x11, 0x23, 0x01, 0x3f, 0xe7, 0xe7, 0x01, 0x09, 0x44, 0x3a, 0x50, 0x59, 0x65, 0xe9, 0xad, 0x05, 0x8d, 0x70, 0x38,
    0x38, 0x66, 0x5c, 0xfb, 0x35, 0x04, 0xaa, 0x00, 0x00, 0x02, 0x00, 0x54, 0x00, 0x00, 0x02, 0xd3, 0x05, 0x8d, 0x00, 0x0f,
    0x00, 0x13, 0x00, 0x3a, 0x40, 0x1e, 0x0f, 0x08, 0x12, 0x0b, 0x07, 0x00, 0x10, 0x33, 0x03, 0x29, 0x12, 0x33, 0x0b, 0x04,
    0x0b, 0x10, 0x07, 0x0c, 0x03, 0x11, 0x00, 0x10, 0x11, 0x07, 0x0c, 0x11, 0x11, 0x00, 0x0f, 0x14, 0x10, 0xf4, 0xec, 0xf4,
    0xec, 0x11, 0x12, 0x39, 0x39, 0x11, 0x12, 0x39, 0x39, 0x31, 0x00, 0x2f, 0xec, 0xf4, 0xec, 0x39, 0x39, 0x11, 0x12, 0x39,
    0x39, 0x30, 0x13, 0x34, 0x36, 0x33, 0x21, 0x32, 0x16, 0x15, 0x11, 0x14, 0x06, 0x23, 0x21, 0x22, 0x26, 0x35, 0x01, 0x23,
    0x11, 0x33, 0x54, 0x63, 0x59, 0x01, 0x04, 0x5a, 0x65, 0x64, 0x5b, 0xfe, 0xfc, 0x59, 0x63, 0x01, 0x93, 0xaa, 0xaa, 0x04,
    0xcb, 0x5c, 0x66, 0x66, 0x5c, 0xfb, 0xf8, 0x5d, 0x66, 0x66, 0x5d, 0x03, 0xe9, 0xfc, 0x35, 0x00, 0x00, 0x02, 0x00, 0x56,
    0x00, 0x00, 0x02, 0xd5, 0x05, 0x8d, 0x00, 0x03, 0x00, 0x0c, 0x00, 0x43, 0xb8, 0x00, 0x07, 0x2b, 0xb8, 0x00, 0x0d, 0x2f,
    0xb8, 0x00, 0x00, 0x2f, 0xb8, 0x00, 0x0d, 0x10, 0xb8, 0x00, 0x07, 0xd0, 0xb8, 0x00, 0x07, 0x2f, 0xb8, 0x00, 0x06, 0xdc,
    0xb8, 0x00, 0x02, 0xd0, 0xb8, 0x00, 0x00, 0x10, 0xb8, 0x00, 0x04, 0xdc, 0xb8, 0x00, 0x0e, 0xdc, 0x00, 0xb8, 0x00, 0x06,
    0x2f, 0xba, 0x00, 0x09, 0x00, 0x01, 0x00, 0x0a, 0x2b, 0xba, 0x00, 0x03, 0x00, 0x05, 0x00, 0x0a, 0x2b, 0x30, 0x31, 0x01,
    0x11, 0x23, 0x11, 0x0d, 0x01, 0x11, 0x23, 0x11, 0x21, 0x32, 0x16, 0x15, 0x01, 0xec, 0xad, 0x01, 0x96, 0xfe, 0x6a, 0xe9,
    0x01, 0xc1, 0x5a, 0x64, 0x03, 0x3d, 0x01, 0x6f, 0xfe, 0x91, 0xc8, 0x01, 0xfd, 0x8c, 0x05, 0x8d, 0x66, 0x5c, 0x00, 0x00,
    0x00, 0x02, 0x00, 0x54, 0xff, 0x87, 0x02, 0xfa, 0x05, 0x8d, 0x00, 0x05, 0x00, 0x18, 0x00, 0x51, 0x40, 0x2c, 0x12, 0x13,
    0x18, 0x11, 0x0e, 0x03, 0x14, 0x02, 0x0d, 0x06, 0x09, 0x05, 0x04, 0x02, 0x00, 0x33, 0x09, 0x29, 0x13, 0x02, 0x33, 0x14,
    0x15, 0x09, 0x06, 0x01, 0x14, 0x13, 0x11, 0x0a, 0x04, 0x0d, 0x03, 0x04, 0x00, 0x11, 0x12, 0x0d, 0x0c, 0x01, 0x11, 0x06,
    0x0f, 0x19, 0x10, 0xf4, 0xec, 0xf4, 0xc4, 0xfc, 0xc4, 0x39, 0x12, 0x17, 0x39, 0x11, 0x12, 0x39, 0x39, 0x31, 0x00, 0x2f,
    0xec, 0xc4, 0xf4, 0xec, 0x11, 0x39, 0x39, 0x11, 0x39, 0x39, 0x11, 0x12, 0x17, 0x39, 0x11, 0x39, 0x30, 0x01, 0x23, 0x11,
    0x33, 0x27, 0x37, 0x01, 0x34, 0x36, 0x33, 0x21, 0x32, 0x16, 0x15, 0x11, 0x14, 0x06, 0x07, 0x17, 0x07, 0x27, 0x23, 0x22,
    0x26, 0x35, 0x01, 0xe7, 0xaa, 0x42, 0x2d, 0x95, 0xfe, 0x6d, 0x63, 0x59, 0x01, 0x04, 0x5a, 0x65, 0x0a, 0x08, 0x39, 0xcb,
    0x3d, 0xe2, 0x59, 0x63, 0x04, 0xac, 0xfc, 0x35, 0x54, 0x4e, 0x03, 0x48, 0x5c, 0x66, 0x66, 0x5c, 0xfb, 0xf8, 0x24, 0x33,
    0x0b, 0x71, 0x69, 0x79, 0x66, 0x5d, 0x00, 0x00, 0x00, 0x02, 0x00, 0x56, 0x00, 0x00, 0x03, 0x33, 0x05, 0x8d, 0x00, 0x0c,
    0x00, 0x10, 0x00, 0x3f, 0xb8, 0x00, 0x07, 0x2b, 0xb8, 0x00, 0x11, 0x2f, 0xb8, 0x00, 0x0d, 0x2f, 0xb8, 0x00, 0x00, 0xdc,
    0xb8, 0x00, 0x11, 0x10, 0xb8, 0x00, 0x07, 0xd0, 0xb8, 0x00, 0x07, 0x2f, 0xb8, 0x00, 0x06, 0xdc, 0xb8, 0x00, 0x0f, 0xd0,
    0xb8, 0x00, 0x00, 0x10, 0xb8, 0x00, 0x12, 0xdc, 0x00, 0xb8, 0x00, 0x02, 0x2f, 0xb8, 0x00, 0x06, 0x2f, 0xba, 0x00, 0x09,
    0x00, 0x0e, 0x00, 0x0a, 0x2b, 0x30, 0x31, 0x01, 0x07, 0x01, 0x23, 0x03, 0x07, 0x11, 0x23, 0x11, 0x21, 0x32, 0x16, 0x15,
    0x03, 0x11, 0x23, 0x11, 0x02, 0xd5, 0xac, 0x01, 0x0a, 0xf4, 0xdd, 0x23, 0xe9, 0x01, 0xc1, 0x59, 0x65, 0xe9, 0xad, 0x02,
    0xcd, 0x58, 0xfd, 0x8b, 0x02, 0x0e, 0x12, 0xfe, 0x04, 0x05, 0x8d, 0x66, 0x5c, 0xfe, 0x85, 0x01, 0x5c, 0xfe, 0xa4, 0x00,
    0x00, 0x01, 0x00, 0x54, 0x00, 0x00, 0x02, 0xd3, 0x05, 0x8d, 0x00, 0x1b, 0x00, 0x6b, 0xb8, 0x00, 0x07, 0x2b, 0xb8, 0x00,
    0x1c, 0x2f, 0xb8, 0x00, 0x0a, 0x2f, 0xb8, 0x00, 0x1c, 0x10, 0xb8, 0x00, 0x00, 0xd0, 0xb8, 0x00, 0x00, 0x2f, 0xb8, 0x00,
    0x0a, 0x10, 0xb8, 0x00, 0x08, 0xdc, 0xb8, 0x00, 0x00, 0x10, 0xb8, 0x00, 0x0b, 0xdc, 0xb8, 0x00, 0x08, 0x10, 0xb8, 0x00,
    0x0d, 0xd0, 0xb8, 0x00, 0x00, 0x10, 0xb8, 0x00, 0x15, 0xd0, 0xb8, 0x00, 0x0b, 0x10, 0xb8, 0x00, 0x17, 0xd0, 0xb8, 0x00,
    0x0a, 0x10, 0xb8, 0x00, 0x19, 0xd0, 0xb8, 0x00, 0x08, 0x10, 0xb8, 0x00, 0x1d, 0xdc, 0x00, 0xba, 0x00, 0x19, 0x00, 0x11,
    0x00, 0x0a, 0x2b, 0xba, 0x00, 0x04, 0x00, 0x0a, 0x00, 0x0a, 0x2b, 0xba, 0x00, 0x0c, 0x00, 0x1a, 0x00, 0x0a, 0x2b, 0x30,
    0x31, 0x13, 0x34, 0x36, 0x33, 0x21, 0x32, 0x16, 0x1d, 0x01, 0x07, 0x35, 0x23, 0x11, 0x21, 0x11, 0x14, 0x06, 0x23, 0x21,
    0x22, 0x26, 0x3d, 0x01, 0x37, 0x15, 0x33, 0x11, 0x21, 0x54, 0x63, 0x59, 0x01, 0x04, 0x5a, 0x65, 0xec, 0xaa, 0x01, 0x96,
    0x64, 0x5b, 0xfe, 0xfc, 0x59, 0x63, 0xe9, 0xaa, 0xfe, 0x6d, 0x04, 0xcb, 0x5c, 0x66, 0x66, 0x5c, 0x23, 0x7b, 0x7f, 0xfe,
    0xc7, 0xfd, 0x50, 0x5d, 0x66, 0x66, 0x5d, 0x85, 0x79, 0xe0, 0x01, 0xc0, 0x00, 0x01, 0x00, 0x0e, 0x00, 0x00, 0x02, 0xc3,
    0x05, 0x8d, 0x00, 0x07, 0x00, 0x1c, 0x40, 0x0e, 0x05, 0x01, 0x33, 0x03, 0x29, 0x00, 0x04, 0x1c, 0x06, 0x11, 0x02, 0x1c,
    0x00, 0x08, 0x10, 0xd4, 0xe4, 0xfc, 0xe4, 0x31, 0x00, 0x2f, 0xf4, 0xec, 0x32, 0x30, 0x33, 0x11, 0x23, 0x35, 0x21, 0x15,
    0x23, 0x11, 0xf4, 0xe6, 0x02, 0xb5, 0xe6, 0x04, 0xaa, 0xe3, 0xe3, 0xfb, 0x56, 0x00, 0x00, 0x00, 0x00, 0x01, 0x00, 0x56,
    0x00, 0x00, 0x02, 0xd5, 0x05, 0x8d, 0x00, 0x0d, 0x00, 0x2d, 0x40, 0x17, 0x0d, 0x06, 0x02, 0x33, 0x04, 0x00, 0x29, 0x09,
    0x09, 0x05, 0x03, 0x0a, 0x01, 0x00, 0x03, 0x11, 0x05, 0x0c, 0x01, 0x11, 0x00, 0x0f, 0x0e, 0x10, 0xf4, 0xec, 0xf4, 0xec,
    0x11, 0x12, 0x39, 0x11, 0x12, 0x39, 0x31, 0x00, 0x2f, 0xe4, 0x32, 0xec, 0x39, 0x39, 0x30, 0x13, 0x33, 0x11, 0x33, 0x11,
    0x33, 0x11, 0x14, 0x06, 0x23, 0x21, 0x22, 0x26, 0x35, 0x56, 0xe9, 0xad, 0xe9, 0x64, 0x5a, 0xfe, 0xfb, 0x59, 0x63, 0x05,
    0x8d, 0xfb, 0x56, 0x04, 0xaa, 0xfb, 0x36, 0x5d, 0x66, 0x66, 0x5d, 0x00, 0x00, 0x01, 0xff, 0xf2, 0x00, 0x00, 0x02, 0xf6,
    0x05, 0x8d, 0x00, 0x06, 0x00, 0x1e, 0x40, 0x0f, 0x03, 0x04, 0x01, 0x29, 0x00, 0x06, 0x04, 0x03, 0x02, 0x00, 0x05, 0x07,
    0x05, 0x01, 0x07, 0x10, 0xd4, 0xcc, 0x11, 0x17, 0x39, 0x31, 0x00, 0x2f, 0xe4, 0x32, 0x39, 0x30, 0x33, 0x03, 0x33, 0x1b,
    0x01, 0x33, 0x03, 0xee, 0xfc, 0xeb, 0x98, 0x97, 0xea, 0xfa, 0x05, 0x8d, 0xfc, 0x75, 0x03, 0x8b, 0xfa, 0x73, 0x00, 0x00,
    0x00, 0x01, 0x00, 0x56, 0x00, 0x00, 0x04, 0x66, 0x05, 0x8d, 0x00, 0x18, 0x00, 0x47, 0x40, 0x26, 0x13, 0x0c, 0x05, 0x03,
    0x16, 0x01, 0x33, 0x14, 0x03, 0x00, 0x29, 0x0f, 0x08, 0x10, 0x15, 0x13, 0x08, 0x04, 0x02, 0x0f, 0x15, 0x0c, 0x17, 0x09,
    0x00, 0x02, 0x11, 0x04, 0x1a, 0x17, 0x11, 0x00, 0x1a, 0x15, 0x11, 0x13, 0x0f, 0x19, 0x10, 0xf4, 0xec, 0xf4, 0xfc, 0xf4,
    0xec, 0x11, 0x39, 0x12, 0x39, 0x11, 0x39, 0x11, 0x12, 0x39, 0x11, 0x12, 0x39, 0x31, 0x00, 0x2f, 0x3c, 0xe4, 0x32, 0x32,
    0xec, 0x32, 0x17, 0x39, 0x30, 0x01, 0x11, 0x33, 0x11, 0x33, 0x11, 0x14, 0x06, 0x2b, 0x01, 0x22, 0x26, 0x35, 0x14, 0x06,
    0x2b, 0x01, 0x22, 0x26, 0x35, 0x11, 0x33, 0x11, 0x33, 0x11, 0x02, 0xd1, 0xaa, 0xeb, 0x64, 0x68, 0xb7, 0x3f, 0x46, 0x47,
    0x40, 0xc5, 0x59, 0x63, 0xe9, 0xad, 0x05, 0x8d, 0xfb, 0x56, 0x04, 0xaa, 0xfb, 0x3a, 0x66, 0x61, 0x48, 0x41, 0x41, 0x48,
    0x66, 0x5d, 0x04, 0xca, 0xfb, 0x56, 0x04, 0xaa, 0x00, 0x01, 0x00, 0x04, 0x00, 0x00, 0x02, 0xcd, 0x05, 0x8d, 0x00, 0x0b,
    0x00, 0x25, 0x40, 0x15, 0x09, 0x03, 0x04, 0x01, 0x29, 0x0a, 0x07, 0x0a, 0x09, 0x08, 0x06, 0x05, 0x04, 0x03, 0x02, 0x01,
    0x00, 0x0a, 0x07, 0x0b, 0x0c, 0x10, 0xd4, 0xcc, 0x17, 0x39, 0x31, 0x00, 0x2f, 0x3c, 0xe4, 0x32, 0x39, 0x39, 0x30, 0x13,
    0x03, 0x33, 0x1b, 0x01, 0x33, 0x03, 0x13, 0x23, 0x0b, 0x01, 0x23, 0xd7, 0xc7, 0xf0, 0x66, 0x6b, 0xf0, 0xc7, 0xd3, 0xf0,
    0x75, 0x74, 0xf0, 0x02, 0xdb, 0x02, 0xb2, 0xfe, 0x94, 0x01, 0x6c, 0xfd, 0x4e, 0xfd, 0x25, 0x01, 0x96, 0xfe, 0x6a, 0x00,
    0x00, 0x01, 0x00, 0x54, 0x00, 0x00, 0x02, 0xd3, 0x05, 0x8d, 0x00, 0x13, 0x00, 0x5f, 0xb8, 0x00, 0x07, 0x2b, 0xb8, 0x00,
    0x14, 0x2f, 0xb8, 0x00, 0x04, 0x2f, 0xb8, 0x00, 0x14, 0x10, 0xb8, 0x00, 0x00, 0xd0, 0xb8, 0x00, 0x00, 0x2f, 0xb8, 0x00,
    0x01, 0xdc, 0xb8, 0x00, 0x04, 0x10, 0xb8, 0x00, 0x05, 0xdc, 0xb8, 0x00, 0x00, 0x10, 0xb8, 0x00, 0x0d, 0xd0, 0xb8, 0x00,
    0x01, 0x10, 0xb8, 0x00, 0x0f, 0xd0, 0xb8, 0x00, 0x04, 0x10, 0xb8, 0x00, 0x11, 0xd0, 0xb8, 0x00, 0x05, 0x10, 0xb8, 0x00,
    0x15, 0xdc, 0x00, 0xb8, 0x00, 0x00, 0x2f, 0xb8, 0x00, 0x04, 0x2f, 0xba, 0x00, 0x11, 0x00, 0x09, 0x00, 0x0a, 0x2b, 0xba,
    0x00, 0x03, 0x00, 0x12, 0x00, 0x0a, 0x2b, 0x30, 0x31, 0x13, 0x33, 0x11, 0x33, 0x11, 0x33, 0x11, 0x14, 0x06, 0x2b, 0x01,
    0x22, 0x26, 0x3d, 0x01, 0x37, 0x15, 0x33, 0x11, 0x21, 0x54, 0xe9, 0xaa, 0xec, 0x61, 0x64, 0xfe, 0x59, 0x63, 0xe9, 0xaa,
    0xfe, 0x6d, 0x05, 0x8d, 0xfd, 0xf4, 0x02, 0x0c, 0xfb, 0x40, 0x68, 0x65, 0x66, 0x5d, 0x33, 0x79, 0x8e, 0x01, 0xa2, 0x00,
    0x00, 0x01, 0x00, 0x33, 0x00, 0x00, 0x02, 0x89, 0x05, 0x8d, 0x00, 0x09, 0x00, 0x23, 0x40, 0x12, 0x04, 0x00, 0x33, 0x02,
    0x29, 0x09, 0x05, 0x33, 0x07, 0x05, 0x01, 0x00, 0x03, 0x06, 0x03, 0x08, 0x19, 0x0a, 0x10, 0xf4, 0xcc, 0x32, 0x17, 0x39,
    0x31, 0x00, 0x2f, 0xec, 0x32, 0xf4, 0xec, 0x32, 0x30, 0x01, 0x21, 0x35, 0x21, 0x15, 0x01, 0x21, 0x15, 0x21, 0x35, 0x01,
    0x8b, 0xfe, 0xb2, 0x02, 0x4c, 0xfe, 0xaa, 0x01, 0x56, 0xfd, 0xaa, 0x04, 0xaa, 0xe3, 0xe3, 0xfc, 0x39, 0xe3, 0xe3, 0x00,
    0x00, 0x01, 0x00, 0x6a, 0xfe, 0xe3, 0x02, 0x00, 0x05, 0x8d, 0x00, 0x07, 0x00, 0x1d, 0x40, 0x0e, 0x04, 0x35, 0x06, 0x02,
    0x35, 0x00, 0x29, 0x08, 0x03, 0x1d, 0x05, 0x01, 0x00, 0x08, 0x10, 0xd4, 0xc4, 0x32, 0xec, 0x31, 0x00, 0x10, 0xf4, 0xec,
    0xd4, 0xec, 0x30, 0x13, 0x21, 0x15, 0x23, 0x11, 0x33, 0x15, 0x21, 0x6a, 0x01, 0x96, 0xc3, 0xc3, 0xfe, 0x6a, 0x05, 0x8d,
    0xc4, 0xfa, 0xdf, 0xc5, 0x00, 0x01, 0x00, 0x00, 0xff, 0x42, 0x02, 0x7b, 0x05, 0x8d, 0x00, 0x03, 0x00, 0x16, 0x40, 0x0a,
    0x00, 0x38, 0x02, 0x29, 0x04, 0x03, 0x01, 0x00, 0x16, 0x02, 0x2f, 0xec, 0x39, 0x39, 0x31, 0x00, 0x10, 0xf4, 0xec, 0x30,
    0x05, 0x23, 0x01, 0x33, 0x02, 0x7b, 0xd5, 0xfe, 0x5a, 0xd5, 0xbe, 0x06, 0x4b, 0x00, 0x00, 0x00, 0x00, 0x01, 0x00, 0x3d,
    0xfe, 0xe3, 0x01, 0xd3, 0x05, 0x8d, 0x00, 0x07, 0x00, 0x1d, 0x40, 0x0e, 0x03, 0x35, 0x01, 0x05, 0x35, 0x00, 0x29, 0x08,
    0x04, 0x1d, 0x06, 0x02, 0x00, 0x08, 0x10, 0xd4, 0xc4, 0x32, 0xec, 0x31, 0x00, 0x10, 0xf4, 0xec, 0xd4, 0xec, 0x30, 0x01,
    0x11, 0x21, 0x35, 0x33, 0x11, 0x23, 0x35, 0x01, 0xd3, 0xfe, 0x6a, 0xc3, 0xc3, 0x05, 0x8d, 0xf9, 0x56, 0xc5, 0x05, 0x21,
    0xc4, 0x00, 0x00, 0x00, 0x00, 0x02, 0x00, 0x4c, 0x00, 0x00, 0x02, 0xb4, 0x04, 0x73, 0x00, 0x03, 0x00, 0x1b, 0x00, 0x6f,
    0xb8, 0x00, 0x07, 0x2b, 0xb8, 0x00, 0x1c, 0x2f, 0xb8, 0x00, 0x03, 0x2f, 0xb8, 0x00, 0x1c, 0x10, 0xb8, 0x00, 0x04, 0xd0,
    0xb8, 0x00, 0x04, 0x2f, 0xb8, 0x00, 0x19, 0xdc, 0xb8, 0x00, 0x01, 0xd0, 0xb8, 0x00, 0x03, 0x10, 0xb8, 0x00, 0x0c, 0xdc,
    0xb8, 0x00, 0x03, 0x10, 0xb8, 0x00, 0x0e, 0xd0, 0xb8, 0x00, 0x0e, 0x2f, 0xb8, 0x00, 0x04, 0x10, 0xb8, 0x00, 0x15, 0xd0,
    0xb8, 0x00, 0x03, 0x10, 0xb8, 0x00, 0x17, 0xd0, 0xb8, 0x00, 0x0c, 0x10, 0xb8, 0x00, 0x1d, 0xdc, 0x00, 0xba, 0x00, 0x03,
    0x00, 0x0d, 0x00, 0x0a, 0x2b, 0xba, 0x00, 0x08, 0x00, 0x18, 0x00, 0x0a, 0x2b, 0xba, 0x00, 0x17, 0x00, 0x00, 0x00, 0x0a,
    0x2b, 0xb8, 0x00, 0x0d, 0x10, 0xb8, 0x00, 0x11, 0xd0, 0x30, 0x31, 0x01, 0x27, 0x15, 0x33, 0x01, 0x34, 0x36, 0x3b, 0x01,
    0x32, 0x16, 0x15, 0x11, 0x23, 0x35, 0x0e, 0x01, 0x2b, 0x01, 0x22, 0x26, 0x35, 0x11, 0x05, 0x11, 0x23, 0x15, 0x07, 0x01,
    0xd5, 0xaa, 0xaa, 0xfe, 0x77, 0x64, 0x5a, 0xec, 0x5a, 0x64, 0xe3, 0x0f, 0x4a, 0x34, 0x48, 0x5e, 0x52, 0x01, 0x89, 0xaa,
    0xdf, 0x01, 0xc4, 0x01, 0xf0, 0x02, 0xd9, 0x5d, 0x68, 0x68, 0x5d, 0xfc, 0x52, 0x73, 0x37, 0x3c, 0x5a, 0x69, 0x01, 0xa1,
    0x01, 0x01, 0x3f, 0x65, 0x72, 0x00, 0x00, 0x00, 0x00, 0x02, 0x00, 0x4c, 0x00, 0x00, 0x02, 0xb4, 0x05, 0x8b, 0x00, 0x13,
    0x00, 0x17, 0x00, 0x47, 0x40, 0x25, 0x0a, 0x03, 0x14, 0x01, 0x06, 0x02, 0x12, 0x0b, 0x16, 0x00, 0x14, 0x3d, 0x06, 0x3e,
    0x16, 0x3d, 0x02, 0x29, 0x0e, 0x00, 0x07, 0x0e, 0x0a, 0x0f, 0x06, 0x02, 0x14, 0x1f, 0x0a, 0x20, 0x15, 0x12, 0x02, 0x1f,
    0x00, 0x1e, 0x18, 0x10, 0xf4, 0xec, 0x32, 0x32, 0xf4, 0xec, 0x11, 0x39, 0x39, 0x11, 0x39, 0x39, 0x31, 0x00, 0x2f, 0x3c,
    0xe4, 0xec, 0xf4, 0xec, 0x11, 0x12, 0x39, 0x39, 0x11, 0x12, 0x39, 0x11, 0x39, 0x39, 0x30, 0x33, 0x11, 0x37, 0x11, 0x3e,
    0x01, 0x3b, 0x01, 0x32, 0x16, 0x15, 0x11, 0x14, 0x06, 0x2b, 0x01, 0x22, 0x26, 0x27, 0x15, 0x13, 0x23, 0x11, 0x33, 0x4c,
    0xe3, 0x0f, 0x4a, 0x34, 0x48, 0x5e, 0x52, 0x52, 0x5e, 0x48, 0x34, 0x4a, 0x0f, 0xa2, 0xa2, 0xa2, 0x05, 0x19, 0x72, 0xfe,
    0x75, 0x37, 0x3c, 0x5c, 0x69, 0xfd, 0x15, 0x69, 0x5a, 0x3c, 0x37, 0x73, 0x03, 0x91, 0xfd, 0x48, 0x00, 0x01, 0x00, 0x4c,
    0x00, 0x00, 0x02, 0xb4, 0x04, 0x73, 0x00, 0x17, 0x00, 0x4f, 0x40, 0x29, 0x17, 0x10, 0x13, 0x0e, 0x0c, 0x09, 0x08, 0x0f,
    0x07, 0x00, 0x0a, 0x03, 0x0f, 0x3f, 0x0c, 0x0a, 0x3d, 0x03, 0x3e, 0x0c, 0x3d, 0x13, 0x04, 0x13, 0x09, 0x07, 0x14, 0x03,
    0x0b, 0x00, 0x0d, 0x09, 0x1f, 0x0f, 0x07, 0x20, 0x0b, 0x1f, 0x00, 0x1e, 0x18, 0x10, 0xf4, 0xec, 0xf4, 0x3c, 0xec, 0x32,
    0x11, 0x12, 0x39, 0x39, 0x11, 0x12, 0x39, 0x39, 0x31, 0x00, 0x2f, 0xec, 0xf4, 0xec, 0x10, 0xe4, 0x11, 0x12, 0x39, 0x39,
    0x11, 0x39, 0x39, 0x12, 0x39, 0x11, 0x39, 0x39, 0x30, 0x13, 0x34, 0x36, 0x3b, 0x01, 0x32, 0x16, 0x1d, 0x01, 0x07, 0x35,
    0x23, 0x11, 0x33, 0x35, 0x37, 0x11, 0x14, 0x06, 0x2b, 0x01, 0x22, 0x26, 0x35, 0x4c, 0x64, 0x5a, 0xec, 0x5a, 0x64, 0xe3,
    0xa2, 0xa2, 0xe3, 0x64, 0x5a, 0xec, 0x5a, 0x64, 0x03, 0xae, 0x5d, 0x68, 0x68, 0x5d, 0x7b, 0x72, 0xd7, 0xfd, 0x41, 0x98,
    0x72, 0xfe, 0xe0, 0x5d, 0x66, 0x66, 0x5d, 0x00, 0x00, 0x02, 0x00, 0x4c, 0x00, 0x00, 0x02, 0xb4, 0x05, 0x8d, 0x00, 0x13,
    0x00, 0x17, 0x00, 0x47, 0x40, 0x25, 0x0a, 0x11, 0x14, 0x12, 0x13, 0x0d, 0x09, 0x02, 0x15, 0x00, 0x14, 0x3d, 0x0d, 0x3e,
    0x15, 0x3d, 0x13, 0x29, 0x05, 0x00, 0x06, 0x0d, 0x09, 0x0e, 0x05, 0x14, 0x16, 0x11, 0x01, 0x1f, 0x00, 0x20, 0x14, 0x1f,
    0x09, 0x1e, 0x18, 0x10, 0xf4, 0xec, 0xf4, 0xec, 0x32, 0x32, 0x11, 0x39, 0x39, 0x12, 0x39, 0x39, 0x31, 0x00, 0x2f, 0x3c,
    0xe4, 0xec, 0xf4, 0xec, 0x11, 0x12, 0x39, 0x39, 0x11, 0x12, 0x39, 0x12, 0x39, 0x39, 0x30, 0x21, 0x23, 0x35, 0x0e, 0x01,
    0x2b, 0x01, 0x22, 0x26, 0x35, 0x11, 0x34, 0x36, 0x3b, 0x01, 0x32, 0x16, 0x17, 0x11, 0x37, 0x01, 0x11, 0x33, 0x11, 0x02,
    0xb4, 0xe3, 0x0f, 0x4a, 0x34, 0x48, 0x5e, 0x52, 0x52, 0x5e, 0x48, 0x34, 0x4a, 0x0f, 0xe3, 0xfe, 0x7b, 0xa2, 0x73, 0x37,
    0x3c, 0x5a, 0x69, 0x02, 0xeb, 0x69, 0x5c, 0x3c, 0x37, 0x01, 0x1b, 0x72, 0xfe, 0x04, 0xfd, 0x48, 0x02, 0xb8, 0x00, 0x00,
    0x00, 0x02, 0x00, 0x4c, 0x00, 0x00, 0x02, 0xb4, 0x04, 0x73, 0x00, 0x03, 0x00, 0x19, 0x00, 0x5f, 0xb8, 0x00, 0x07, 0x2b,
    0xb8, 0x00, 0x1a, 0x2f, 0xb8, 0x00, 0x01, 0x2f, 0xb8, 0x00, 0x1a, 0x10, 0xb8, 0x00, 0x04, 0xd0, 0xb8, 0x00, 0x04, 0x2f,
    0xb8, 0x00, 0x03, 0xdc, 0xb8, 0x00, 0x01, 0x10, 0xb8, 0x00, 0x0c, 0xdc, 0xb8, 0x00, 0x03, 0x10, 0xb8, 0x00, 0x0d, 0xd0,
    0xb8, 0x00, 0x01, 0x10, 0xb8, 0x00, 0x0f, 0xd0, 0xb8, 0x00, 0x0c, 0x10, 0xb8, 0x00, 0x11, 0xd0, 0xb8, 0x00, 0x0c, 0x10,
    0xb8, 0x00, 0x1b, 0xdc, 0x00, 0xba, 0x00, 0x0f, 0x00, 0x15, 0x00, 0x0a, 0x2b, 0xba, 0x00, 0x08, 0x00, 0x02, 0x00, 0x0a,
    0x2b, 0xba, 0x00, 0x00, 0x00, 0x0d, 0x00, 0x0a, 0x2b, 0x30, 0x31, 0x01, 0x33, 0x35, 0x23, 0x27, 0x34, 0x36, 0x3b, 0x01,
    0x32, 0x16, 0x15, 0x11, 0x05, 0x11, 0x33, 0x35, 0x37, 0x11, 0x14, 0x06, 0x2b, 0x01, 0x22, 0x26, 0x35, 0x01, 0x2b, 0xaa,
    0xaa, 0xdf, 0x64, 0x5a, 0xec, 0x5a, 0x64, 0xfe, 0x77, 0xaa, 0xdf, 0x64, 0x5a, 0xec, 0x5a, 0x64, 0x02, 0xec, 0xb6, 0x0c,
    0x5d, 0x68, 0x68, 0x5d, 0xfe, 0xa3, 0x01, 0xfe, 0x85, 0xa6, 0x75, 0xfe, 0xd3, 0x5d, 0x66, 0x66, 0x5d, 0x00, 0x00, 0x00,
    0x00, 0x01, 0x00, 0x56, 0x00, 0x00, 0x02, 0xa2, 0x05, 0x8d, 0x00, 0x11, 0x00, 0x43, 0xb8, 0x00, 0x07, 0x2b, 0xba, 0x00,
    0x0b, 0x00, 0x00, 0x00, 0x0a, 0x2b, 0xba, 0x00, 0x08, 0x00, 0x09, 0x00, 0x0a, 0x2b, 0xb8, 0x00, 0x00, 0x10, 0xb8, 0x00,
    0x0d, 0xdc, 0xb8, 0x00, 0x0b, 0x10, 0xb8, 0x00, 0x0f, 0xd0, 0xb8, 0x00, 0x08, 0x10, 0xb8, 0x00, 0x13, 0xdc, 0x00, 0xb8,
    0x00, 0x10, 0x2f, 0xba, 0x00, 0x04, 0x00, 0x0a, 0x00, 0x0a, 0x2b, 0xba, 0x00, 0x0c, 0x00, 0x0f, 0x00, 0x0a, 0x2b, 0x30,
    0x31, 0x13, 0x34, 0x36, 0x3b, 0x01, 0x32, 0x16, 0x1d, 0x01, 0x07, 0x37, 0x23, 0x11, 0x37, 0x15, 0x07, 0x11, 0x23, 0x56,
    0x63, 0x59, 0xd1, 0x5b, 0x64, 0xe8, 0x04, 0x85, 0xe5, 0xe5, 0xe3, 0x04, 0xcb, 0x5d, 0x65, 0x66, 0x5c, 0x3e, 0x72, 0x99,
    0xfe, 0xd6, 0x02, 0xed, 0x05, 0xfd, 0x66, 0x00, 0x00, 0x02, 0x00, 0x4c, 0xfe, 0xe3, 0x02, 0xb4, 0x04, 0x73, 0x00, 0x03,
    0x00, 0x1b, 0x00, 0x71, 0xb8, 0x00, 0x07, 0x2b, 0xb8, 0x00, 0x1c, 0x2f, 0xb8, 0x00, 0x1a, 0x2f, 0xb8, 0x00, 0x1c, 0x10,
    0xb8, 0x00, 0x0b, 0xd0, 0xb8, 0x00, 0x0b, 0x2f, 0xb8, 0x00, 0x0e, 0xdc, 0xb8, 0x00, 0x00, 0xd0, 0xb8, 0x00, 0x1a, 0x10,
    0xb8, 0x00, 0x02, 0xd0, 0xb8, 0x00, 0x1a, 0x10, 0xb8, 0x00, 0x0f, 0xd0, 0xb8, 0x00, 0x0b, 0x10, 0xb8, 0x00, 0x11, 0xd0,
    0xb8, 0x00, 0x1a, 0x10, 0xb8, 0x00, 0x1b, 0xdc, 0xb8, 0x00, 0x1d, 0xdc, 0x00, 0xba, 0x00, 0x0f, 0x00, 0x07, 0x00, 0x0a,
    0x2b, 0xba, 0x00, 0x16, 0x00, 0x00, 0x00, 0x0a, 0x2b, 0xba, 0x00, 0x01, 0x00, 0x11, 0x00, 0x0a, 0x2b, 0xba, 0x00, 0x19,
    0x00, 0x00, 0x00, 0x16, 0x11, 0x12, 0x39, 0xb8, 0x00, 0x16, 0x10, 0xb8, 0x00, 0x1a, 0xd0, 0x30, 0x31, 0x01, 0x11, 0x33,
    0x11, 0x13, 0x14, 0x06, 0x2b, 0x01, 0x22, 0x26, 0x3d, 0x01, 0x37, 0x15, 0x33, 0x11, 0x05, 0x11, 0x34, 0x36, 0x3b, 0x01,
    0x32, 0x16, 0x17, 0x35, 0x33, 0x01, 0x2f, 0xa2, 0xe3, 0x64, 0x5a, 0xec, 0x5a, 0x64, 0xe3, 0xa2, 0xfe, 0x7b, 0x52, 0x56,
    0x50, 0x34, 0x4a, 0x0f, 0xe3, 0x03, 0x98, 0xfe, 0x8b, 0x01, 0x75, 0xfc, 0x0e, 0x5d, 0x66, 0x66, 0x5d, 0x4a, 0x72, 0xa4,
    0x01, 0x88, 0x01, 0x02, 0x67, 0x65, 0x62, 0x3c, 0x37, 0x73, 0x00, 0x00, 0x00, 0x01, 0x00, 0x4c, 0x00, 0x00, 0x02, 0xb4,
    0x05, 0x8d, 0x00, 0x0f, 0x00, 0x34, 0x40, 0x1b, 0x09, 0x02, 0x0c, 0x00, 0x01, 0x0c, 0x3d, 0x05, 0x3e, 0x01, 0x29, 0x0e,
    0x0a, 0x06, 0x09, 0x05, 0x01, 0x0b, 0x1f, 0x09, 0x20, 0x0d, 0x01, 0x1f, 0x00, 0x1e, 0x10, 0x10, 0xf4, 0xec, 0x32, 0xf4,
    0xec, 0x11, 0x39, 0x11, 0x39, 0x31, 0x00, 0x2f, 0x3c, 0xe4, 0xf4, 0xec, 0x12, 0x39, 0x12, 0x39, 0x39, 0x30, 0x13, 0x37,
    0x11, 0x3e, 0x01, 0x3b, 0x01, 0x32, 0x16, 0x15, 0x11, 0x23, 0x11, 0x23, 0x11, 0x23, 0x4c, 0xe3, 0x11, 0x48, 0x32, 0x4c,
    0x5c, 0x52, 0xe3, 0xa2, 0xe3, 0x05, 0x1b, 0x72, 0xfe, 0x73, 0x38, 0x3b, 0x5c, 0x69, 0xfc, 0x52, 0x03, 0x98, 0xfc, 0x68,
    0x00, 0x02, 0x00, 0x4c, 0x00, 0x00, 0x01, 0x2f, 0x05, 0x8d, 0x00, 0x03, 0x00, 0x07, 0x00, 0x37, 0xb8, 0x00, 0x07, 0x2b,
    0xba, 0x00, 0x03, 0x00, 0x00, 0x00, 0x0a, 0x2b, 0xb8, 0x00, 0x00, 0x10, 0xb8, 0x00, 0x04, 0xd0, 0xb8, 0x00, 0x03, 0x10,
    0xb8, 0x00, 0x05, 0xd0, 0xb8, 0x00, 0x03, 0x10, 0xb8, 0x00, 0x09, 0xdc, 0x00, 0xb8, 0x00, 0x02, 0x2f, 0xb8, 0x00, 0x06,
    0x2f, 0xba, 0x00, 0x00, 0x00, 0x04, 0x00, 0x0a, 0x2b, 0x30, 0x31, 0x13, 0x35, 0x37, 0x11, 0x07, 0x33, 0x11, 0x23, 0x4c,
    0xe3, 0xe3, 0xe3, 0xe3, 0x04, 0x5c, 0xbf, 0x72, 0xfe, 0xcf, 0x5c, 0xfc, 0x00, 0x00, 0x00, 0x00, 0x00, 0x02, 0xff, 0x85,
    0xfe, 0xe3, 0x01, 0x39, 0x05, 0x8d, 0x00, 0x03, 0x00, 0x0c, 0x00, 0x3b, 0xb8, 0x00, 0x07, 0x2b, 0xba, 0x00, 0x03, 0x00,
    0x00, 0x00, 0x0a, 0x2b, 0xb8, 0x00, 0x00, 0x10, 0xb8, 0x00, 0x04, 0xd0, 0xb8, 0x00, 0x03, 0x10, 0xb8, 0x00, 0x05, 0xd0,
    0xb8, 0x00, 0x03, 0x10, 0xb8, 0x00, 0x0e, 0xdc, 0x00, 0xb8, 0x00, 0x02, 0x2f, 0xba, 0x00, 0x0c, 0x00, 0x09, 0x00, 0x0a,
    0x2b, 0xba, 0x00, 0x00, 0x00, 0x04, 0x00, 0x0a, 0x2b, 0x30, 0x31, 0x13, 0x35, 0x37, 0x11, 0x07, 0x33, 0x11, 0x14, 0x06,
    0x2b, 0x01, 0x37, 0x33, 0x56, 0xe3, 0xe3, 0xe3, 0x70, 0x63, 0xe1, 0x54, 0x7d, 0x04, 0x5c, 0xbf, 0x72, 0xfe, 0xcf, 0x5c,
    0xfb, 0x87, 0x4c, 0x58, 0xdb, 0x00, 0x00, 0x00, 0x00, 0x01, 0x00, 0x4c, 0x00, 0x00, 0x02, 0xfa, 0x05, 0x8d, 0x00, 0x0a,
    0x00, 0x2c, 0x40, 0x17, 0x08, 0x02, 0x06, 0x00, 0x01, 0x03, 0x3e, 0x01, 0x29, 0x09, 0x06, 0x07, 0x05, 0x04, 0x03, 0x04,
    0x06, 0x08, 0x01, 0x1f, 0x00, 0x1e, 0x0b, 0x10, 0xf4, 0xfc, 0x3c, 0xc4, 0x17, 0x39, 0x31, 0x00, 0x2f, 0x3c, 0xe4, 0xe4,
    0x11, 0x39, 0x11, 0x39, 0x39, 0x30, 0x13, 0x37, 0x11, 0x13, 0x21, 0x09, 0x01, 0x23, 0x03, 0x11, 0x23, 0x4c, 0xdf, 0xc9,
    0x01, 0x00, 0xfe, 0xe3, 0x01, 0x23, 0xfc, 0xd3, 0xdf, 0x05, 0x1b, 0x72, 0xfd, 0x48, 0x01, 0x9e, 0xfe, 0x0e, 0xfd, 0x7f,
    0x01, 0xfa, 0xfe, 0x06, 0x00, 0x01, 0x00, 0x4c, 0x00, 0x00, 0x01, 0x2f, 0x05, 0x8d, 0x00, 0x03, 0x00, 0x14, 0x40, 0x09,
    0x00, 0x01, 0x29, 0x02, 0x01, 0x1f, 0x00, 0x1e, 0x04, 0x10, 0xf4, 0xec, 0x31, 0x00, 0x2f, 0xe4, 0x39, 0x30, 0x13, 0x37,
    0x11, 0x23, 0x4c, 0xe3, 0xe3, 0x05, 0x1b, 0x72, 0xfa, 0x73, 0x00, 0x00, 0x00, 0x01, 0x00, 0x4c, 0x00, 0x00, 0x04, 0x1d,
    0x04, 0x73, 0x00, 0x1a, 0x00, 0x4d, 0x40, 0x29, 0x18, 0x0b, 0x04, 0x03, 0x12, 0x0e, 0x3d, 0x16, 0x07, 0x00, 0x3e, 0x14,
    0x10, 0x0c, 0x00, 0x13, 0x10, 0x01, 0x11, 0x0f, 0x08, 0x0d, 0x0b, 0x04, 0x11, 0x07, 0x0f, 0x0d, 0x1f, 0x0b, 0x24, 0x11,
    0x1f, 0x0f, 0x24, 0x17, 0x13, 0x1f, 0x15, 0x1e, 0x1b, 0x10, 0xf4, 0xec, 0x32, 0xf4, 0xfc, 0xf4, 0xec, 0x11, 0x39, 0x12,
    0x39, 0x11, 0x12, 0x39, 0x11, 0x12, 0x39, 0x39, 0x11, 0x39, 0x31, 0x00, 0x2f, 0x3c, 0x3c, 0xf4, 0x3c, 0x3c, 0xec, 0x32,
    0x17, 0x39, 0x30, 0x01, 0x33, 0x32, 0x16, 0x17, 0x3e, 0x01, 0x3b, 0x01, 0x32, 0x16, 0x15, 0x11, 0x23, 0x11, 0x23, 0x03,
    0x23, 0x11, 0x23, 0x11, 0x23, 0x11, 0x33, 0x15, 0x3e, 0x01, 0x01, 0xb2, 0x4e, 0x3c, 0x48, 0x14, 0x15, 0x4a, 0x34, 0x4e,
    0x51, 0x53, 0xde, 0x9b, 0x02, 0xdb, 0x9e, 0xdd, 0xdd, 0x0e, 0x47, 0x04, 0x73, 0x31, 0x36, 0x33, 0x34, 0x64, 0x61, 0xfc,
    0x52, 0x03, 0x98, 0xfc, 0x68, 0x03, 0x98, 0xfc, 0x68, 0x04, 0x73, 0x73, 0x37, 0x3c, 0x00, 0x00, 0x00, 0x01, 0x00, 0x4c,
    0x00, 0x00, 0x02, 0xb4, 0x04, 0x73, 0x00, 0x0f, 0x00, 0x2d, 0x40, 0x17, 0x09, 0x02, 0x0c, 0x3d, 0x05, 0x00, 0x3e, 0x0e,
    0x0a, 0x06, 0x09, 0x05, 0x01, 0x0b, 0x1f, 0x09, 0x20, 0x0d, 0x01, 0x1f, 0x00, 0x1e, 0x10, 0x10, 0xf4, 0xec, 0x32, 0xf4,
    0xec, 0x11, 0x39, 0x11, 0x39, 0x31, 0x00, 0x2f, 0x3c, 0xf4, 0x3c, 0xec, 0x39, 0x39, 0x30, 0x13, 0x33, 0x15, 0x3e, 0x01,
    0x3b, 0x01, 0x32, 0x16, 0x15, 0x11, 0x23, 0x11, 0x23, 0x11, 0x23, 0x4c, 0xe3, 0x0e, 0x49, 0x34, 0x50, 0x54, 0x56, 0xe3,
    0xa2, 0xe3, 0x04, 0x73, 0x73, 0x37, 0x3c, 0x64, 0x61, 0xfc, 0x52, 0x03, 0x98, 0xfc, 0x68, 0x00, 0x00, 0x02, 0x00, 0x4c,
    0x00, 0x00, 0x02, 0xb4, 0x04, 0x73, 0x00, 0x0f, 0x00, 0x13, 0x00, 0x3a, 0x40, 0x1e, 0x0f, 0x08, 0x12, 0x0b, 0x07, 0x00,
    0x10, 0x3d, 0x03, 0x3e, 0x12, 0x3d, 0x0b, 0x04, 0x0b, 0x10, 0x07, 0x0c, 0x03, 0x11, 0x00, 0x10, 0x1f, 0x07, 0x20, 0x11,
    0x1f, 0x00, 0x1e, 0x14, 0x10, 0xf4, 0xec, 0xf4, 0xec, 0x11, 0x12, 0x39, 0x39, 0x11, 0x12, 0x39, 0x39, 0x31, 0x00, 0x2f,
    0xec, 0xf4, 0xec, 0x39, 0x39, 0x11, 0x12, 0x39, 0x39, 0x30, 0x13, 0x34, 0x36, 0x3b, 0x01, 0x32, 0x16, 0x15, 0x11, 0x14,
    0x06, 0x2b, 0x01, 0x22, 0x26, 0x35, 0x01, 0x23, 0x11, 0x33, 0x4c, 0x64, 0x5a, 0xec, 0x5a, 0x64, 0x62, 0x60, 0xe8, 0x5a,
    0x64, 0x01, 0x85, 0xa2, 0xa2, 0x03, 0xae, 0x5d, 0x68, 0x68, 0x5d, 0xfd, 0x17, 0x62, 0x63, 0x66, 0x5d, 0x02, 0xd5, 0xfd,
    0x41, 0x00, 0x00, 0x00, 0x00, 0x02, 0x00, 0x4c, 0xfe, 0xe3, 0x02, 0xb4, 0x04, 0x73, 0x00, 0x03, 0x00, 0x17, 0x00, 0x44,
    0x40, 0x23, 0x0d, 0x06, 0x04, 0x01, 0x15, 0x0e, 0x00, 0x17, 0x16, 0x11, 0x01, 0x3d, 0x09, 0x04, 0x3e, 0x00, 0x3d, 0x11,
    0x0a, 0x11, 0x0d, 0x12, 0x09, 0x02, 0x00, 0x1f, 0x0d, 0x20, 0x15, 0x05, 0x02, 0x1f, 0x04, 0x1e, 0x18, 0x10, 0xf4, 0xec,
    0x32, 0x32, 0xf4, 0xec, 0x11, 0x39, 0x39, 0x11, 0x39, 0x39, 0x31, 0x00, 0x2f, 0xec, 0xf4, 0x3c, 0xec, 0x10, 0xc0, 0xc0,
    0x12, 0x39, 0x39, 0x11, 0x12, 0x39, 0x39, 0x30, 0x25, 0x11, 0x23, 0x11, 0x03, 0x33, 0x15, 0x3e, 0x01, 0x3b, 0x01, 0x32,
    0x16, 0x15, 0x11, 0x14, 0x06, 0x2b, 0x01, 0x22, 0x26, 0x27, 0x11, 0x23, 0x01, 0xd1, 0xa2, 0xe3, 0xe3, 0x0f, 0x4a, 0x34,
    0x48, 0x5e, 0x52, 0x51, 0x5f, 0x48, 0x36, 0x46, 0x11, 0xe3, 0xdf, 0x02, 0xb9, 0xfd, 0x47, 0x03, 0x94, 0x73, 0x37, 0x3c,
    0x5c, 0x69, 0xfd, 0x15, 0x6b, 0x58, 0x39, 0x3a, 0xfe, 0x70, 0x00, 0x00, 0x00, 0x02, 0x00, 0x4c, 0xfe, 0xe3, 0x02, 0xb4,
    0x04, 0x73, 0x00, 0x13, 0x00, 0x17, 0x00, 0x46, 0x40, 0x24, 0x0a, 0x03, 0x14, 0x06, 0x12, 0x0b, 0x16, 0x00, 0x02, 0x01,
    0x06, 0x16, 0x3d, 0x0e, 0x00, 0x3e, 0x14, 0x3d, 0x06, 0x07, 0x0e, 0x0a, 0x0f, 0x06, 0x14, 0x15, 0x12, 0x02, 0x1f, 0x00,
    0x20, 0x14, 0x1f, 0x0a, 0x1e, 0x18, 0x10, 0xf4, 0xec, 0xf4, 0xec, 0x32, 0x32, 0x11, 0x39, 0x39, 0x12, 0x39, 0x39, 0x31,
    0x00, 0x2f, 0xec, 0xf4, 0x3c, 0xec, 0x10, 0xc0, 0xc0, 0x11, 0x12, 0x39, 0x39, 0x11, 0x12, 0x39, 0x39, 0x30, 0x01, 0x11,
    0x23, 0x11, 0x0e, 0x01, 0x2b, 0x01, 0x22, 0x26, 0x35, 0x11, 0x34, 0x36, 0x3b, 0x01, 0x32, 0x16, 0x17, 0x35, 0x03, 0x33,
    0x11, 0x23, 0x02, 0xb4, 0xe3, 0x11, 0x47, 0x44, 0x39, 0x5e, 0x52, 0x52, 0x5e, 0x48, 0x34, 0x4a, 0x0f, 0xa2, 0xa2, 0xa2,
    0x04, 0x73, 0xfa, 0x70, 0x01, 0x90, 0x3e, 0x35, 0x5a, 0x69, 0x02, 0xeb, 0x69, 0x5c, 0x3c, 0x37, 0x73, 0xfc, 0x6c, 0x02,
    0xb9, 0x00, 0x00, 0x00, 0x00, 0x01, 0x00, 0x4c, 0x00, 0x00, 0x02, 0x87, 0x04, 0x73, 0x00, 0x0f, 0x00, 0x2d, 0x40, 0x17,
    0x0b, 0x0a, 0x0e, 0x09, 0x02, 0x0c, 0x3d, 0x05, 0x00, 0x3e, 0x0e, 0x06, 0x05, 0x0b, 0x1f, 0x09, 0x21, 0x0d, 0x01, 0x1f,
    0x00, 0x1e, 0x10, 0x10, 0xf4, 0xec, 0x32, 0xf4, 0xec, 0x39, 0x39, 0x31, 0x00, 0x2f, 0xf4, 0x3c, 0xec, 0x39, 0x39, 0x11,
    0x39, 0x39, 0x30, 0x13, 0x33, 0x15, 0x3e, 0x01, 0x3b, 0x01, 0x32, 0x16, 0x1d, 0x01, 0x07, 0x35, 0x23, 0x11, 0x23, 0x4c,
    0xe3, 0x10, 0x47, 0x34, 0x23, 0x55, 0x55, 0xe3, 0x75, 0xe3, 0x04, 0x73, 0x73, 0x38, 0x3b, 0x63, 0x62, 0x68, 0x73, 0xc5,
    0xfc, 0x68, 0x00, 0x00, 0x00, 0x01, 0x00, 0x4c, 0x00, 0x00, 0x02, 0xb4, 0x04, 0x73, 0x00, 0x1b, 0x00, 0x5f, 0xb8, 0x00,
    0x07, 0x2b, 0xb8, 0x00, 0x1c, 0x2f, 0xb8, 0x00, 0x02, 0x2f, 0xb8, 0x00, 0x00, 0xdc, 0xb8, 0x00, 0x1c, 0x10, 0xb8, 0x00,
    0x0e, 0xd0, 0xb8, 0x00, 0x0e, 0x2f, 0xb8, 0x00, 0x10, 0xdc, 0xb8, 0x00, 0x03, 0xd0, 0xb8, 0x00, 0x00, 0x10, 0xb8, 0x00,
    0x05, 0xd0, 0xb8, 0x00, 0x02, 0x10, 0xb8, 0x00, 0x11, 0xd0, 0xb8, 0x00, 0x0e, 0x10, 0xb8, 0x00, 0x13, 0xd0, 0xb8, 0x00,
    0x00, 0x10, 0xb8, 0x00, 0x1d, 0xdc, 0x00, 0xba, 0x00, 0x11, 0x00, 0x09, 0x00, 0x0a, 0x2b, 0xba, 0x00, 0x18, 0x00, 0x02,
    0x00, 0x0a, 0x2b, 0xba, 0x00, 0x04, 0x00, 0x13, 0x00, 0x0a, 0x2b, 0x30, 0x31, 0x01, 0x07, 0x35, 0x23, 0x15, 0x21, 0x11,
    0x14, 0x06, 0x2b, 0x01, 0x22, 0x26, 0x3d, 0x01, 0x37, 0x15, 0x33, 0x11, 0x05, 0x11, 0x34, 0x36, 0x3b, 0x01, 0x32, 0x16,
    0x15, 0x02, 0xb4, 0xe3, 0xa2, 0x01, 0x85, 0x64, 0x5a, 0xec, 0x5a, 0x64, 0xe3, 0xa2, 0xfe, 0x7b, 0x64, 0x5a, 0xec, 0x5a,
    0x64, 0x03, 0xa6, 0x73, 0x65, 0xe5, 0xfe, 0x10, 0x5d, 0x66, 0x66, 0x5d, 0x20, 0x73, 0x7d, 0x01, 0x1c, 0x01, 0x01, 0xba,
    0x5d, 0x68, 0x66, 0x5d, 0x00, 0x01, 0x00, 0x08, 0x00, 0x00, 0x02, 0x37, 0x05, 0x50, 0x00, 0x10, 0x00, 0x67, 0xb8, 0x00,
    0x07, 0x2b, 0xba, 0x00, 0x10, 0x00, 0x08, 0x00, 0x0a, 0x2b, 0xb8, 0x00, 0x10, 0x10, 0xb8, 0x00, 0x06, 0xdc, 0xb8, 0x00,
    0x0a, 0xd0, 0xb8, 0x00, 0x07, 0x10, 0xb8, 0x00, 0x0b, 0xd0, 0xb8, 0x00, 0x10, 0x10, 0xb8, 0x00, 0x0c, 0xd0, 0xb8, 0x00,
    0x00, 0x10, 0xb8, 0x00, 0x0d, 0xd0, 0xb8, 0x00, 0x06, 0x10, 0xb8, 0x00, 0x0f, 0xdc, 0x00, 0xb8, 0x00, 0x0c, 0x2f, 0xba,
    0x00, 0x01, 0x00, 0x02, 0x00, 0x0a, 0x2b, 0xba, 0x00, 0x0d, 0x00, 0x10, 0x00, 0x0a, 0x2b, 0xb8, 0x00, 0x10, 0x10, 0xb8,
    0x00, 0x07, 0xd0, 0xb8, 0x00, 0x07, 0x2f, 0xb8, 0x00, 0x0d, 0x10, 0xb8, 0x00, 0x09, 0xd0, 0xb8, 0x00, 0x09, 0x2f, 0x30,
    0x31, 0x25, 0x33, 0x15, 0x23, 0x22, 0x26, 0x35, 0x11, 0x07, 0x35, 0x37, 0x35, 0x37, 0x11, 0x37, 0x15, 0x07, 0x01, 0x66,
    0xd1, 0xf5, 0x5b, 0x64, 0x7b, 0x7b, 0xe3, 0xbd, 0xbd, 0xd9, 0xd9, 0x66, 0x5d, 0x02, 0x50, 0x04, 0xe6, 0x03, 0xd5, 0x83,
    0xfe, 0xaf, 0x02, 0xe7, 0x01, 0x00, 0x00, 0x00, 0x00, 0x01, 0x00, 0x4c, 0x00, 0x00, 0x02, 0xb4, 0x04, 0x73, 0x00, 0x0f,
    0x00, 0x2d, 0x40, 0x17, 0x09, 0x02, 0x0c, 0x3d, 0x0e, 0x0a, 0x3e, 0x05, 0x00, 0x06, 0x09, 0x05, 0x0b, 0x0d, 0x01, 0x1f,
    0x00, 0x20, 0x0b, 0x1f, 0x09, 0x1e, 0x10, 0x10, 0xf4, 0xec, 0xf4, 0xec, 0x32, 0x11, 0x39, 0x12, 0x39, 0x31, 0x00, 0x2f,
    0x3c, 0xe4, 0x32, 0xec, 0x39, 0x39, 0x30, 0x21, 0x23, 0x35, 0x0e, 0x01, 0x2b, 0x01, 0x22, 0x26, 0x35, 0x11, 0x33, 0x11,
    0x33, 0x11, 0x33, 0x02, 0xb4, 0xe3, 0x10, 0x42, 0x3b, 0x4e, 0x55, 0x55, 0xe3, 0xa2, 0xe3, 0x73, 0x3d, 0x36, 0x61, 0x62,
    0x03, 0xb0, 0xfc, 0x66, 0x03, 0x9a, 0x00, 0x00, 0x00, 0x01, 0xff, 0xf2, 0x00, 0x00, 0x02, 0x98, 0x04, 0x73, 0x00, 0x06,
    0x00, 0x1f, 0x40, 0x10, 0x03, 0x01, 0x04, 0x3e, 0x00, 0x06, 0x04, 0x03, 0x02, 0x00, 0x05, 0x07, 0x05, 0x01, 0x25, 0x07,
    0x10, 0xf4, 0xcc, 0x11, 0x17, 0x39, 0x31, 0x00, 0x2f, 0xe4, 0x39, 0x39, 0x30, 0x33, 0x03, 0x33, 0x1b, 0x01, 0x33, 0x03,
    0xbe, 0xcc, 0xe1, 0x73, 0x70, 0xe2, 0xcd, 0x04, 0x71, 0xfc, 0xd3, 0x03, 0x2f, 0xfb, 0x8d, 0x00, 0x00, 0x01, 0x00, 0x4c,
    0x00, 0x00, 0x04, 0x1d, 0x04, 0x73, 0x00, 0x18, 0x00, 0x49, 0x40, 0x27, 0x15, 0x0e, 0x03, 0x03, 0x0a, 0x06, 0x3d, 0x0c,
    0x08, 0x04, 0x3e, 0x11, 0x00, 0x11, 0x0d, 0x0b, 0x00, 0x05, 0x03, 0x12, 0x0b, 0x15, 0x09, 0x18, 0x07, 0x05, 0x0b, 0x1f,
    0x0d, 0x24, 0x07, 0x1f, 0x09, 0x24, 0x05, 0x1f, 0x03, 0x1e, 0x19, 0x10, 0xf4, 0xec, 0xf4, 0xfc, 0xf4, 0xec, 0x11, 0x12,
    0x39, 0x11, 0x39, 0x12, 0x39, 0x11, 0x12, 0x39, 0x11, 0x12, 0x39, 0x31, 0x00, 0x2f, 0x3c, 0xe4, 0x32, 0x32, 0xec, 0x32,
    0x17, 0x39, 0x30, 0x21, 0x22, 0x26, 0x35, 0x11, 0x33, 0x11, 0x33, 0x11, 0x33, 0x11, 0x33, 0x11, 0x33, 0x11, 0x14, 0x06,
    0x2b, 0x01, 0x22, 0x26, 0x27, 0x0e, 0x01, 0x23, 0x01, 0x02, 0x5d, 0x59, 0xdd, 0x9e, 0xdb, 0x9d, 0xde, 0x56, 0x5d, 0x8b,
    0x45, 0x4e, 0x19, 0x14, 0x4b, 0x4b, 0x5e, 0x63, 0x03, 0xb2, 0xfc, 0x66, 0x03, 0x9a, 0xfc, 0x66, 0x03, 0x9a, 0xfc, 0x50,
    0x65, 0x5e, 0x2f, 0x37, 0x38, 0x2e, 0x00, 0x00, 0x00, 0x01, 0xff, 0xf6, 0x00, 0x00, 0x02, 0xb8, 0x04, 0x73, 0x00, 0x0b,
    0x00, 0x28, 0x40, 0x17, 0x08, 0x02, 0x03, 0x00, 0x3e, 0x09, 0x06, 0x0b, 0x09, 0x08, 0x07, 0x05, 0x04, 0x03, 0x02, 0x01,
    0x00, 0x0a, 0x0c, 0x06, 0x0a, 0x25, 0x0c, 0x10, 0xf4, 0xcc, 0x11, 0x17, 0x39, 0x31, 0x00, 0x2f, 0x3c, 0xe4, 0x32, 0x39,
    0x39, 0x30, 0x13, 0x33, 0x1b, 0x01, 0x33, 0x03, 0x13, 0x23, 0x0b, 0x01, 0x23, 0x13, 0x06, 0xe6, 0x6c, 0x6d, 0xe5, 0xdd,
    0xeb, 0xe9, 0x77, 0x77, 0xeb, 0xed, 0x04, 0x73, 0xfe, 0xdf, 0x01, 0x21, 0xfd, 0xd9, 0xfd, 0xb4, 0x01, 0x3b, 0xfe, 0xc5,
    0x02, 0x4c, 0x00, 0x00, 0x00, 0x01, 0x00, 0x4c, 0xfe, 0xe3, 0x02, 0xb4, 0x04, 0x73, 0x00, 0x13, 0x00, 0x5b, 0xb8, 0x00,
    0x07, 0x2b, 0xb8, 0x00, 0x14, 0x2f, 0xb8, 0x00, 0x0b, 0x2f, 0xb8, 0x00, 0x00, 0xdc, 0xb8, 0x00, 0x14, 0x10, 0xb8, 0x00,
    0x07, 0xd0, 0xb8, 0x00, 0x07, 0x2f, 0xb8, 0x00, 0x0a, 0xdc, 0xb8, 0x00, 0x07, 0x10, 0xb8, 0x00, 0x0d, 0xd0, 0xb8, 0x00,
    0x0a, 0x10, 0xb8, 0x00, 0x0f, 0xd0, 0xb8, 0x00, 0x0b, 0x10, 0xb8, 0x00, 0x11, 0xd0, 0xb8, 0x00, 0x00, 0x10, 0xb8, 0x00,
    0x15, 0xdc, 0x00, 0xb8, 0x00, 0x0e, 0x2f, 0xb8, 0x00, 0x12, 0x2f, 0xba, 0x00, 0x0b, 0x00, 0x03, 0x00, 0x0a, 0x2b, 0xba,
    0x00, 0x11, 0x00, 0x0c, 0x00, 0x0a, 0x2b, 0x30, 0x31, 0x05, 0x14, 0x06, 0x2b, 0x01, 0x22, 0x26, 0x3d, 0x01, 0x37, 0x15,
    0x33, 0x11, 0x21, 0x11, 0x33, 0x11, 0x33, 0x11, 0x33, 0x02, 0xb4, 0x64, 0x5a, 0xec, 0x5a, 0x64, 0xe3, 0xa2, 0xfe, 0x7b,
    0xe3, 0xa2, 0xe3, 0x5a, 0x5d, 0x66, 0x66, 0x5d, 0x4a, 0x72, 0xa4, 0x01, 0x9e, 0x03, 0x17, 0xfd, 0xd5, 0x02, 0x2b, 0x00,
    0x00, 0x01, 0x00, 0x2f, 0x00, 0x00, 0x02, 0x48, 0x04, 0x73, 0x00, 0x09, 0x00, 0x22, 0x40, 0x10, 0x06, 0x02, 0x3d, 0x04,
    0x3e, 0x07, 0x01, 0x3d, 0x00, 0x07, 0x02, 0x08, 0x05, 0x03, 0x00, 0x0a, 0x10, 0xd4, 0x3c, 0xcc, 0x32, 0x39, 0x39, 0x31,
    0x00, 0x2f, 0xec, 0x32, 0xf4, 0xec, 0x32, 0x30, 0x33, 0x35, 0x01, 0x21, 0x35, 0x21, 0x15, 0x01, 0x21, 0x15, 0x2f, 0x01,
    0x25, 0xfe, 0xdb, 0x02, 0x19, 0xfe, 0xdb, 0x01, 0x25, 0xd9, 0x02, 0xbf, 0xdb, 0xdb, 0xfd, 0x41, 0xd9, 0x00, 0x00, 0x00,
    0x00, 0x00, 0x00, 0x00, 0x00, 0x30, 0x00, 0x54, 0x00, 0xca, 0x01, 0x66, 0x01, 0xea, 0x02, 0x64, 0x02, 0x7e, 0x02, 0xac,
    0x02, 0xda, 0x03, 0x16, 0x03, 0x50, 0x03, 0x70, 0x03, 0x8a, 0x03, 0xa0, 0x03, 0xbc, 0x03, 0xfc, 0x04, 0x1a, 0x04, 0x66,
    0x04, 0xd6, 0x05, 0x14, 0x05, 0x66, 0x05, 0xbe, 0x05, 0xe2, 0x06, 0x42, 0x06, 0x9e, 0x06, 0xbe, 0x06, 0xf0, 0x07, 0x12,
    0x07, 0x60, 0x07, 0xaa, 0x08, 0x0c, 0x08, 0x5a, 0x08, 0x8c, 0x08, 0xc0, 0x08, 0xee, 0x09, 0x36, 0x09, 0x76, 0x09, 0x8c,
    0x09, 0xbe, 0x09, 0xec, 0x0a, 0x08, 0x0a, 0x52, 0x0a, 0x84, 0x0a, 0xc4, 0x0b, 0x02, 0x0b, 0x56, 0x0b, 0x98, 0x0b, 0xf8,
    0x0c, 0x18, 0x0c, 0x48, 0x0c, 0x6a, 0x0c, 0xb4, 0x0c, 0xe2, 0x0d, 0x32, 0x0d, 0x5a, 0x0d, 0x7a, 0x0d, 0x94, 0x0d, 0xb6,
    0x0e, 0x1c, 0x0e, 0x66, 0x0e, 0xb2, 0x0e, 0xfe, 0x0f, 0x58, 0x0f, 0x98, 0x0f, 0xfe, 0x10, 0x34, 0x10, 0x64, 0x10, 0x9c,
    0x10, 0xcc, 0x10, 0xe4, 0x11, 0x36, 0x11, 0x68, 0x11, 0xa8, 0x11, 0xf2, 0x12, 0x3e, 0x12, 0x70, 0x12, 0xca, 0x13, 0x1c,
    0x13, 0x4e, 0x13, 0x70, 0x13, 0xbc, 0x13, 0xec, 0x14, 0x3a, 0x14, 0x62, 0x14, 0x62, 0x00, 0x00, 0x00, 0x00, 0x00, 0x01,
    0x00, 0x00, 0x01, 0x40, 0x00, 0x01, 0x00, 0x33, 0x00, 0xc0, 0x00, 0x05, 0x00, 0x72, 0x00, 0x0d, 0x00, 0x27, 0x00, 0x26,
    0x00, 0x0d, 0x00, 0x31, 0xff, 0x90, 0x00, 0x0d, 0x00, 0x35, 0xff, 0xdc, 0x00, 0x0d, 0x00, 0x4c, 0x00, 0x26, 0x00, 0x23,
    0x00, 0x0c, 0xff, 0x4e, 0x00, 0x23, 0x00, 0x0d, 0xff, 0xdc, 0x00, 0x23, 0x00, 0x0e, 0xff, 0x4e, 0x00, 0x23, 0x00, 0x1a,
    0x00, 0x26, 0x00, 0x23, 0x00, 0x1b, 0x00, 0x26, 0x00, 0x28, 0x00, 0x0d, 0xff, 0xdc, 0x00, 0x29, 0x00, 0x0d, 0xff, 0x6b,
    0x00, 0x29, 0x00, 0x31, 0xff, 0x90, 0x00, 0x29, 0x00, 0x33, 0xff, 0x90, 0x00, 0x2d, 0x00, 0x0c, 0xfe, 0xad, 0x00, 0x2d,
    0x00, 0x0e, 0xfe, 0xad, 0x00, 0x31, 0x00, 0x0c, 0xff, 0x90, 0x00, 0x31, 0x00, 0x0d, 0xff, 0x90, 0x00, 0x31, 0x00, 0x0e,
    0xff, 0x90, 0x00, 0x31, 0x00, 0x1a, 0xff, 0xa4, 0x00, 0x31, 0x00, 0x1b, 0xff, 0xa4, 0x00, 0x31, 0x00, 0x3b, 0xff, 0x90,
    0x00, 0x31, 0x00, 0x3d, 0xff, 0x90, 0x00, 0x31, 0x00, 0x3f, 0xff, 0x90, 0x00, 0x31, 0x00, 0x43, 0x00, 0x26, 0x00, 0x31,
    0x00, 0x49, 0xff, 0x90, 0x00, 0x31, 0x00, 0x4c, 0xff, 0xb7, 0x00, 0x31, 0x00, 0x4d, 0xff, 0x90, 0x00, 0x31, 0x00, 0x4f,
    0xff, 0xad, 0x00, 0x31, 0x00, 0x51, 0xff, 0xa4, 0x00, 0x31, 0x00, 0x53, 0xff, 0xa4, 0x00, 0x33, 0x00, 0x0c, 0xff, 0xb7,
    0x00, 0x33, 0x00, 0x0e, 0xff, 0xb7, 0x00, 0x35, 0x00, 0x0d, 0xff, 0xdc, 0x00, 0x37, 0x00, 0x0d, 0xff, 0xdc, 0x00, 0x40,
    0x00, 0x0c, 0xff, 0x6b, 0x00, 0x40, 0x00, 0x0d, 0xff, 0xdc, 0x00, 0x40, 0x00, 0x0e, 0xff, 0x6b, 0x00, 0x40, 0x00, 0x4e,
    0x00, 0x26, 0x00, 0x40, 0x00, 0x51, 0x00, 0x26, 0x00, 0x40, 0x00, 0x53, 0x00, 0x26, 0x00, 0x45, 0x00, 0x53, 0x00, 0x26,
    0x00, 0x4c, 0x00, 0x0c, 0xff, 0x0d, 0x00, 0x4c, 0x00, 0x0d, 0xff, 0xb7, 0x00, 0x4c, 0x00, 0x0e, 0xff, 0x0d, 0x00, 0x4c,
    0x00, 0x1a, 0x00, 0x26, 0x00, 0x4c, 0x00, 0x1b, 0x00, 0x26, 0x00, 0x4c, 0x00, 0x50, 0x00, 0x39, 0x00, 0x50, 0x00, 0x0c,
    0xff, 0xd3, 0x00, 0x50, 0x00, 0x0e, 0xff, 0xd3, 0x00, 0x50, 0x00, 0x1a, 0x00, 0x26, 0x00, 0x50, 0x00, 0x1b, 0x00, 0x26,
    0x00, 0x00, 0x00, 0x10, 0x00, 0xc6, 0x00, 0x01, 0x00, 0x00, 0x00, 0x00, 0x00, 0x00, 0x00, 0x07, 0x00, 0x00, 0x00, 0x01,
    0x00, 0x00, 0x00, 0x00, 0x00, 0x01, 0x00, 0x0e, 0x00, 0x07, 0x00, 0x01, 0x00, 0x00, 0x00, 0x00, 0x00, 0x02, 0x00, 0x07,
    0x00, 0x15, 0x00, 0x01, 0x00, 0x00, 0x00, 0x00, 0x00, 0x03, 0x00, 0x15, 0x00, 0x1c, 0x00, 0x01, 0x00, 0x00, 0x00, 0x00,
    0x00, 0x04, 0x00, 0x0e, 0x00, 0x31, 0x00, 0x01, 0x00, 0x00, 0x00, 0x00, 0x00, 0x05, 0x00, 0x04, 0x00, 0x3f, 0x00, 0x01,
    0x00, 0x00, 0x00, 0x00, 0x00, 0x06, 0x00, 0x0d, 0x00, 0x43, 0x00, 0x01, 0x00, 0x00, 0x00, 0x00, 0x00, 0x07, 0x00, 0x11,
    0x00, 0x50, 0x00, 0x03, 0x00, 0x01, 0x04, 0x09, 0x00, 0x00, 0x00, 0x0e, 0x00, 0x61, 0x00, 0x03, 0x00, 0x01, 0x04, 0x09,
    0x00, 0x01, 0x00, 0x1c, 0x00, 0x6f, 0x00, 0x03, 0x00, 0x01, 0x04, 0x09, 0x00, 0x02, 0x00, 0x0e, 0x00, 0x8b, 0x00, 0x03,
    0x00, 0x01, 0x04, 0x09, 0x00, 0x03, 0x00, 0x2a, 0x00, 0x99, 0x00, 0x03, 0x00, 0x01, 0x04, 0x09, 0x00, 0x04, 0x00, 0x1c,
    0x00, 0xc3, 0x00, 0x03, 0x00, 0x01, 0x04, 0x09, 0x00, 0x05, 0x00, 0x08, 0x00, 0xdf, 0x00, 0x03, 0x00, 0x01, 0x04, 0x09,
    0x00, 0x06, 0x00, 0x1a, 0x00, 0xe7, 0x00, 0x03, 0x00, 0x01, 0x04, 0x09, 0x00, 0x07, 0x00, 0x22, 0x01, 0x01, 0x55, 0x6e,
    0x6b, 0x6e, 0x6f, 0x77, 0x6e, 0x45, 0x58, 0x43, 0x45, 0x4c, 0x53, 0x49, 0x4f, 0x52, 0x20, 0x53, 0x41, 0x4e, 0x53, 0x52,
    0x65, 0x67, 0x75, 0x6c, 0x61, 0x72, 0x54, 0x72, 0x65, 0x6b, 0x2c, 0x20, 0x43, 0x6c, 0x61, 0x73, 0x73, 0x69, 0x63, 0x20,
    0x43, 0x72, 0x65, 0x64, 0x69, 0x74, 0x73, 0x45, 0x58, 0x43, 0x45, 0x4c, 0x53, 0x49, 0x4f, 0x52, 0x20, 0x53, 0x41, 0x4e,
    0x53, 0x76, 0x31, 0x2e, 0x30, 0x45, 0x58, 0x43, 0x45, 0x4c, 0x53, 0x49, 0x4f, 0x52, 0x53, 0x41, 0x4e, 0x53, 0x46, 0x6f,
    0x6e, 0x74, 0x20, 0x4d, 0x6f, 0x6e, 0x73, 0x74, 0x65, 0x72, 0x20, 0x76, 0x33, 0x2e, 0x31, 0x00, 0x55, 0x00, 0x6e, 0x00,
    0x6b, 0x00, 0x6e, 0x00, 0x6f, 0x00, 0x77, 0x00, 0x6e, 0x00, 0x45, 0x00, 0x58, 0x00, 0x43, 0x00, 0x45, 0x00, 0x4c, 0x00,
    0x53, 0x00, 0x49, 0x00, 0x4f, 0x00, 0x52, 0x00, 0x20, 0x00, 0x53, 0x00, 0x41, 0x00, 0x4e, 0x00, 0x53, 0x00, 0x52, 0x00,
    0x65, 0x00, 0x67, 0x00, 0x75, 0x00, 0x6c, 0x00, 0x61, 0x00, 0x72, 0x00, 0x54, 0x00, 0x72, 0x00, 0x65, 0x00, 0x6b, 0x00,
    0x2c, 0x00, 0x20, 0x00, 0x43, 0x00, 0x6c, 0x00, 0x61, 0x00, 0x73, 0x00, 0x73, 0x00, 0x69, 0x00, 0x63, 0x00, 0x20, 0x00,
    0x43, 0x00, 0x72, 0x00, 0x65, 0x00, 0x64, 0x00, 0x69, 0x00, 0x74, 0x00, 0x73, 0x00, 0x45, 0x00, 0x58, 0x00, 0x43, 0x00,
    0x45, 0x00, 0x4c, 0x00, 0x53, 0x00, 0x49, 0x00, 0x4f, 0x00, 0x52, 0x00, 0x20, 0x00, 0x53, 0x00, 0x41, 0x00, 0x4e, 0x00,
    0x53, 0x00, 0x76, 0x00, 0x31, 0x00, 0x2e, 0x00, 0x30, 0x00, 0x45, 0x00, 0x58, 0x00, 0x43, 0x00, 0x45, 0x00, 0x4c, 0x00,
    0x53, 0x00, 0x49, 0x00, 0x4f, 0x00, 0x52, 0x00, 0x53, 0x00, 0x41, 0x00, 0x4e, 0x00, 0x53, 0x00, 0x46, 0x00, 0x6f, 0x00,
    0x6e, 0x00, 0x74, 0x00, 0x20, 0x00, 0x4d, 0x00, 0x6f, 0x00, 0x6e, 0x00, 0x73, 0x00, 0x74, 0x00, 0x65, 0x00, 0x72, 0x00,
    0x20, 0x00, 0x76, 0x00, 0x33, 0x00, 0x2e, 0x00, 0x31, 0x00, 0x00, 0x00, 0x00, 0x03, 0x00, 0x00, 0x00, 0x00, 0x00, 0x00,
    0xff, 0x60, 0x00, 0x7b, 0x00, 0x00, 0x00, 0x00, 0x00, 0x00, 0x00, 0x00, 0x00, 0x00, 0x00, 0x00, 0x00, 0x00, 0x00, 0x00,
    0x00, 0x00, 0x00, 0x00, 0x00, 0x01, 0x00, 0x00, 0x42, 0x00, 0x04, 0xd6, 0x02, 0x00, 0x00, 0x00, 0x00, 0x08, 0x20, 0xf5,
    0x1a, 0x55, 0x00, 0x00, 0x53, 0x74, 0x61, 0x72, 0x54, 0x72, 0x65, 0x6b, 0x00, 0x00, 0x00, 0x00, 0x00, 0x00, 0x00, 0x00,
    0xff, 0xff, 0xff, 0xff, 0x36, 0xff, 0xff, 0xfe, 0x39, 0x30, 0x35, 0x52, 0x33, 0x36, 0x05, 0xfd, 0x40, 0x00, 0x00, 0x00,
    0x00, 0x01, 0x00, 0x00, 0x00, 0x0a, 0x00, 0x1e, 0x00, 0x2c, 0x00, 0x01, 0x6c, 0x61, 0x74, 0x6e, 0x00, 0x08, 0x00, 0x04,
    0x00, 0x00, 0x00, 0x00, 0xff, 0xff, 0x00, 0x01, 0x00, 0x00, 0x00, 0x01, 0x6b, 0x65, 0x72, 0x6e, 0x00, 0x08, 0x00, 0x00,
    0x00, 0x01, 0x00, 0x00, 0x00, 0x01, 0x00, 0x04, 0x00, 0x02, 0x00, 0x00, 0x00, 0x01, 0x00, 0x08, 0x00, 0x01, 0x01, 0x0a,
    0x00, 0x04, 0x00, 0x00, 0x00, 0x0d, 0x00, 0x24, 0x00, 0x36, 0x00, 0x4c, 0x00, 0x52, 0x00, 0x60, 0x00, 0x6a, 0x00, 0xa8,
    0x00, 0xb2, 0x00, 0xb8, 0x00, 0xbe, 0x00, 0xd8, 0x00, 0xde, 0x00, 0xf8, 0x00, 0x04, 0x00, 0x27, 0x00, 0x26, 0x00, 0x31,
    0xff, 0x90, 0x00, 0x35, 0xff, 0xdc, 0x00, 0x4c, 0x00, 0x26, 0x00, 0x05, 0x00, 0x0c, 0xff, 0x4e, 0x00, 0x0d, 0xff, 0xdc,
    0x00, 0x0e, 0xff, 0x4e, 0x00, 0x1a, 0x00, 0x26, 0x00, 0x1b, 0x00, 0x26, 0x00, 0x01, 0x00, 0x0d, 0xff, 0xdc, 0x00, 0x03,
    0x00, 0x0d, 0xff, 0x6b, 0x00, 0x31, 0xff, 0x90, 0x00, 0x33, 0xff, 0x90, 0x00, 0x02, 0x00, 0x0c, 0xfe, 0xad, 0x00, 0x0e,
    0xfe, 0xad, 0x00, 0x0f, 0x00, 0x0c, 0xff, 0x90, 0x00, 0x0d, 0xff, 0x90, 0x00, 0x0e, 0xff, 0x90, 0x00, 0x1a, 0xff, 0xa4,
    0x00, 0x1b, 0xff, 0xa4, 0x00, 0x3b, 0xff, 0x90, 0x00, 0x3d, 0xff, 0x90, 0x00, 0x3f, 0xff, 0x90, 0x00, 0x43, 0x00, 0x26,
    0x00, 0x49, 0xff, 0x90, 0x00, 0x4c, 0xff, 0xb7, 0x00, 0x4d, 0xff, 0x90, 0x00, 0x4f, 0xff, 0xad, 0x00, 0x51, 0xff, 0xa4,
    0x00, 0x53, 0xff, 0xa4, 0x00, 0x02, 0x00, 0x0c, 0xff, 0xb7, 0x00, 0x0e, 0xff, 0xb7, 0x00, 0x01, 0x00, 0x0d, 0xff, 0xdc,
    0x00, 0x01, 0x00, 0x0d, 0xff, 0xdc, 0x00, 0x06, 0x00, 0x0c, 0xff, 0x6b, 0x00, 0x0d, 0xff, 0xdc, 0x00, 0x0e, 0xff, 0x6b,
    0x00, 0x4e, 0x00, 0x26, 0x00, 0x51, 0x00, 0x26, 0x00, 0x53, 0x00, 0x26, 0x00, 0x01, 0x00, 0x53, 0x00, 0x26, 0x00, 0x06,
    0x00, 0x0c, 0xff, 0x0d, 0x00, 0x0d, 0xff, 0xb7, 0x00, 0x0e, 0xff, 0x0d, 0x00, 0x1a, 0x00, 0x26, 0x00, 0x1b, 0x00, 0x26,
    0x00, 0x50, 0x00, 0x39, 0x00, 0x04, 0x00, 0x0c, 0xff, 0xd3, 0x00, 0x0e, 0xff, 0xd3, 0x00, 0x1a, 0x00, 0x26, 0x00, 0x1b,
    0x00, 0x26, 0x00, 0x01, 0x00, 0x0d, 0x00, 0x0d, 0x00, 0x23, 0x00, 0x28, 0x00, 0x29, 0x00, 0x2d, 0x00, 0x31, 0x00, 0x33,
    0x00, 0x35, 0x00, 0x37, 0x00, 0x40, 0x00, 0x45, 0x00, 0x4c, 0x00, 0x50
};

static const NSUInteger kExcelsiorSansTTFLength = sizeof(kExcelsiorSansTTF);
